"region","rank","sd_WC","ratio_WC","mean_","sd","sd_BC","ratio_BC","ratio","alpha"
1,1,0.00996696554367846,0.236483652512016,0.145471704257713,0.406940388858669,0.0193045772479523,1.23118243485567,0.664318439463951,0.43011491975882
1,2,0.0123068371979805,0.366392268588074,0.646233214792325,0.0648159069880408,0.0193045772479523,1.23118243485567,0.738351421560477,0.43011491975882
1,3,0.0130269198791755,0.427148085713896,0.822237943192163,0.043481588210322,0.0193045772479523,1.23118243485567,0.772975255278344,0.43011491975882
1,4,0.0145940419716074,0.451810052085667,0.936797533197534,0.0242751966566075,0.0193045772479523,1.23118243485567,0.787029741963026,0.43011491975882
1,5,0.0155209601279101,0.485679348739068,1.01225076179051,0.0223557320113151,0.0193045772479523,1.23118243485567,0.806331348804062,0.43011491975882
1,6,0.0131556623352199,0.527147099023808,1.08498347930742,0.0161201945756657,0.0193045772479523,1.23118243485567,0.829963201002502,0.43011491975882
1,7,0.0154064538362574,0.523198220374364,1.14389840727209,0.0167113170055154,0.0193045772479523,1.23118243485567,0.827712793976501,0.43011491975882
1,8,0.0133867969739698,0.570556166002932,1.19498709158051,0.0124573111224346,0.0193045772479523,1.23118243485567,0.854701380621095,0.43011491975882
1,9,0.0151687527735113,0.543945391493035,1.23632812497979,0.0111640429319628,0.0193045772479523,1.23118243485567,0.839536297254242,0.43011491975882
1,10,0.0151031486934022,0.580079481018988,1.27595919856742,0.0119896955473718,0.0193045772479523,1.23118243485567,0.860128575763182,0.43011491975882
1,11,0.0161438135505977,0.606296050923439,1.31635413358365,0.0116979872432985,0.0193045772479523,1.23118243485567,0.875069007806829,0.43011491975882
1,12,0.0171286622034791,0.607573492897204,1.35426655634604,0.00897650214182105,0.0193045772479523,1.23118243485567,0.875797002928551,0.43011491975882
1,13,0.0211313458340277,0.63664090081057,1.38416579973449,0.009872037143674,0.0193045772479523,1.23118243485567,0.892362085019663,0.43011491975882
1,14,0.0167609938380824,0.621864264836732,1.41768208282091,0.00848818074602826,0.0193045772479523,1.23118243485567,0.883941100642017,0.43011491975882
1,15,0.0217905729940601,0.64525374297003,1.44721150796773,0.00847544417073789,0.0193045772479523,1.23118243485567,0.897270415264811,0.43011491975882
1,16,0.0193172383996017,0.646186671596169,1.47469778342095,0.0077560844421763,0.0193045772479523,1.23118243485567,0.897802077369778,0.43011491975882
1,17,0.0217681172900766,0.681895527993674,1.50234802217334,0.00730779670545677,0.0193045772479523,1.23118243485567,0.918152021863191,0.43011491975882
1,18,0.0182009115452989,0.673273981266135,1.52594022836212,0.00638964571144799,0.0193045772479523,1.23118243485567,0.913238731014564,0.43011491975882
1,19,0.0180091871063541,0.672401555581566,1.54933045903401,0.00619533464673596,0.0193045772479523,1.23118243485567,0.912741548633309,0.43011491975882
1,20,0.0196554494636617,0.711145153755269,1.57204275519326,0.00604429679215023,0.0193045772479523,1.23118243485567,0.934820947187362,0.43011491975882
1,21,0.0252975349562439,0.686855024602331,1.59648989492666,0.00713727858215788,0.0193045772479523,1.23118243485567,0.920978364985971,0.43011491975882
1,22,0.0220401746236143,0.68556427129434,1.61721327362639,0.00588652475343331,0.0193045772479523,1.23118243485567,0.920242783933475,0.43011491975882
1,23,0.0187339125747291,0.742947393942608,1.63870212757946,0.00648257850223776,0.0193045772479523,1.23118243485567,0.952944569388373,0.43011491975882
1,24,0.0219039646653638,0.737455271486611,1.66061491421731,0.00634508949201457,0.0193045772479523,1.23118243485567,0.949814690741843,0.43011491975882
1,25,0.0228450748736923,0.751256390055479,1.68332115311723,0.00642068315970893,0.0193045772479523,1.23118243485567,0.95767974230488,0.43011491975882
1,26,0.0202239826265165,0.708442058713524,1.7048719023453,0.00701101986521066,0.0193045772479523,1.23118243485567,0.933280493652597,0.43011491975882
1,27,0.0202656333565126,0.738669340042403,1.72683890853981,0.00609940381218451,0.0193045772479523,1.23118243485567,0.950506570298178,0.43011491975882
1,28,0.0274815554208169,0.748521009776556,1.74541858485428,0.00473501722916398,0.0193045772479523,1.23118243485567,0.956120889895136,0.43011491975882
1,29,0.0188782213968289,0.746345943401631,1.76157128615247,0.0050071827237193,0.0193045772479523,1.23118243485567,0.954881352019531,0.43011491975882
1,30,0.0247968562274088,0.761302067207942,1.77934197691044,0.00502092532142868,0.0193045772479523,1.23118243485567,0.963404623834988,0.43011491975882
1,31,0.0205578404264802,0.765726556733576,1.79745979251111,0.00489635104412571,0.0193045772479523,1.23118243485567,0.96592607440333,0.43011491975882
1,32,0.0225846030173811,0.803141732750902,1.81540467202446,0.00520950063453884,0.0193045772479523,1.23118243485567,0.987248424990202,0.43011491975882
1,33,0.0230571948821148,0.821067091278622,1.83379936881213,0.0053871563173995,0.0193045772479523,1.23118243485567,0.997463819373124,0.43011491975882
1,34,0.0231026894501219,0.776808027394233,1.8540434562362,0.00568155057109873,0.0193045772479523,1.23118243485567,0.972241239199969,0.43011491975882
1,35,0.020192822349335,0.805253802742841,1.87587052019997,0.00634250488100575,0.0193045772479523,1.23118243485567,0.988452062167033,0.43011491975882
1,36,0.025264294120804,0.807869296445998,1.89544102539508,0.00480737063657463,0.0193045772479523,1.23118243485567,0.989942593005927,0.43011491975882
1,37,0.0261593938134544,0.802445894848322,1.91253785825961,0.00504949770544128,0.0193045772479523,1.23118243485567,0.986851877351256,0.43011491975882
1,38,0.0232821563435654,0.828918121671634,1.93176504460045,0.00539105248044843,0.0193045772479523,1.23118243485567,1.00193800445862,0.43011491975882
1,39,0.0223243883284588,0.830131169594879,1.94888992147428,0.00450938345084873,0.0193045772479523,1.23118243485567,1.0026293023717,0.43011491975882
1,40,0.0215955892298764,0.847702147254734,1.96523925762736,0.00525256573480133,0.0193045772479523,1.23118243485567,1.0126427403853,0.43011491975882
1,41,0.0220033548834659,0.908858276782148,1.98123392737529,0.00484569986752228,0.0193045772479523,1.23118243485567,1.04749470616827,0.43011491975882
1,42,0.0249555307295935,0.880662083520989,1.99988134715353,0.00496752015773371,0.0193045772479523,1.23118243485567,1.03142611630914,0.43011491975882
1,43,0.0307841437831178,0.842014701455163,2.01702015106393,0.00485009604055914,0.0193045772479523,1.23118243485567,1.00940154987944,0.43011491975882
1,44,0.0250601459697687,0.855804542945213,2.03465725981672,0.00432338526013898,0.0193045772479523,1.23118243485567,1.01726017480351,0.43011491975882
1,45,0.0246732594168672,0.855551323440817,2.04954936151276,0.00458965838665771,0.0193045772479523,1.23118243485567,1.01711586878593,0.43011491975882
1,46,0.0240771526241609,0.870043066177703,2.0659035204137,0.0046124592639795,0.0193045772479523,1.23118243485567,1.02537449675838,0.43011491975882
1,47,0.0284286362026031,0.907326501696358,2.08113926334207,0.00416233714695321,0.0193045772479523,1.23118243485567,1.04662177040059,0.43011491975882
1,48,0.0229063857576948,0.889604021530727,2.09637864959175,0.00497197302164424,0.0193045772479523,1.23118243485567,1.03652199336933,0.43011491975882
1,49,0.0209591633475138,0.877032734876161,2.11419426421654,0.00541133478027982,0.0193045772479523,1.23118243485567,1.02935780466546,0.43011491975882
1,50,0.0264862845267741,0.888583931022992,2.13248143657377,0.0052699138273901,0.0193045772479523,1.23118243485567,1.03594065900847,0.43011491975882
1,51,0.0264028836229365,0.914320532790936,2.15156538584333,0.00555238816943861,0.0193045772479523,1.23118243485567,1.05060756437214,0.43011491975882
1,52,0.0280009328624907,0.905963264926645,2.16954937004168,0.0052808372481613,0.0193045772479523,1.23118243485567,1.0458448821047,0.43011491975882
1,53,0.0330845604607746,0.958449766276076,2.18732623699848,0.00537179297595729,0.0193045772479523,1.23118243485567,1.0757561561378,0.43011491975882
1,54,0.0301880747838203,0.964639291601508,2.20480644646037,0.00479869558429327,0.0193045772479523,1.23118243485567,1.07928347427453,0.43011491975882
1,55,0.0255247897829721,0.95529853832042,2.22093493656971,0.00479573401490887,0.0193045772479523,1.23118243485567,1.07396031834143,0.43011491975882
1,56,0.0258793688766885,0.962795840331109,2.23792645554104,0.00520140587964333,0.0193045772479523,1.23118243485567,1.07823291889938,0.43011491975882
1,57,0.027992476624973,0.982662602985814,2.25447305666499,0.00449161157098649,0.0193045772479523,1.23118243485567,1.08955469052899,0.43011491975882
1,58,0.0324450882134399,0.991911907636403,2.27123812012556,0.00487905382849125,0.0193045772479523,1.23118243485567,1.09482573125197,0.43011491975882
1,59,0.0274058328813511,1.01399971358294,2.28852265425472,0.00561470072329262,0.0193045772479523,1.23118243485567,1.10741324231616,0.43011491975882
1,60,0.0262625612050508,0.983246766414698,2.30727117109844,0.00564731105821794,0.0193045772479523,1.23118243485567,1.08988759655154,0.43011491975882
1,61,0.0263728586011565,1.02562678229463,2.3285052375828,0.00592300173177225,0.0193045772479523,1.23118243485567,1.11403933530189,0.43011491975882
1,62,0.03019389909057,1.04252693894765,2.34692015680011,0.00541871197569815,0.0193045772479523,1.23118243485567,1.12367048243219,0.43011491975882
1,63,0.0246431054963817,1.0523688443726,2.36903575954283,0.00709732096086788,0.0193045772479523,1.23118243485567,1.12927923749501,0.43011491975882
1,64,0.0251106095956711,0.96684402538892,2.38856702241333,0.00506090140971837,0.0193045772479523,1.23118243485567,1.08053991916588,0.43011491975882
1,65,0.0336400110953005,1.01192285215138,2.41013546835634,0.00631249696660402,0.0193045772479523,1.23118243485567,1.10622966997259,0.43011491975882
1,66,0.0303704609991309,1.06716592502643,2.43088518102592,0.00633327208037837,0.0193045772479523,1.23118243485567,1.13771187299075,0.43011491975882
1,67,0.0337848410600056,1.0576650400587,2.45355740129827,0.00698225911195015,0.0193045772479523,1.23118243485567,1.13229746039856,0.43011491975882
1,68,0.0314896172152019,1.0650091264143,2.47556598413157,0.00632148701929359,0.0193045772479523,1.23118243485567,1.13648274564062,0.43011491975882
1,69,0.0307384671483618,1.09555238323305,2.49724584081209,0.00597672444860483,0.0193045772479523,1.23118243485567,1.1538888920036,0.43011491975882
1,70,0.0250792285721478,1.11383486677347,2.51713639457207,0.00548813397943709,0.0193045772479523,1.23118243485567,1.16430780660304,0.43011491975882
1,71,0.0308400552363856,1.09727442826363,2.53757313364465,0.00645246028635437,0.0193045772479523,1.23118243485567,1.15487025977403,0.43011491975882
1,72,0.0314653609882384,1.08336894858284,2.55904980219281,0.00610597710087853,0.0193045772479523,1.23118243485567,1.14694573437035,0.43011491975882
1,73,0.0395744839368106,1.10888769754411,2.58315009874326,0.00730810652270917,0.0193045772479523,1.23118243485567,1.1614884886698,0.43011491975882
1,74,0.0348855801355092,1.09848596672587,2.60935731603564,0.00682716569239146,0.0193045772479523,1.23118243485567,1.1555606974678,0.43011491975882
1,75,0.0381030426757598,1.14104154516262,2.63465300693309,0.00734460145008159,0.0193045772479523,1.23118243485567,1.17981248669993,0.43011491975882
1,76,0.0330605506919949,1.17320727203473,2.66078293080782,0.00748864050707772,0.0193045772479523,1.23118243485567,1.19814325453946,0.43011491975882
1,77,0.0418390468810288,1.18571441632383,2.68663222009086,0.00692629178444243,0.0193045772479523,1.23118243485567,1.20527088946625,0.43011491975882
1,78,0.0337945154282666,1.22142474333894,2.71289562992334,0.00948200366091726,0.0193045772479523,1.23118243485567,1.22562167204269,0.43011491975882
1,79,0.0349224172493971,1.1996776056865,2.74272679857078,0.00724884941229828,0.0193045772479523,1.23118243485567,1.21322830275661,0.43011491975882
1,80,0.0389218821222112,1.24832278789662,2.76798628289739,0.00781810077002499,0.0193045772479523,1.23118243485567,1.24095046632377,0.43011491975882
1,81,0.0439129091073279,1.23008888757187,2.79573354624125,0.00931052510301032,0.0193045772479523,1.23118243485567,1.23055923857409,0.43011491975882
1,82,0.041146400515797,1.37422033317047,2.82746788781569,0.00852336077356449,0.0193045772479523,1.23118243485567,1.31269759901433,0.43011491975882
1,83,0.0452903895584901,1.34444494978688,2.85884151198922,0.00984949793706409,0.0193045772479523,1.23118243485567,1.29572905226556,0.43011491975882
1,84,0.051430158899238,1.31410560651271,2.89074025137791,0.00987853385186186,0.0193045772479523,1.23118243485567,1.2784391131893,0.43011491975882
1,85,0.0495468183647866,1.36373755190466,2.928335836275,0.0100403946134479,0.0193045772479523,1.23118243485567,1.30672361837151,0.43011491975882
1,86,0.0431891447985994,1.30755764999504,2.96855376481048,0.0124294559756773,0.0193045772479523,1.23118243485567,1.27470753046381,0.43011491975882
1,87,0.0471287329621272,1.34681144362227,3.00932899128067,0.0131062284547552,0.0193045772479523,1.23118243485567,1.29707768179483,0.43011491975882
1,88,0.0436746579211825,1.39278079379012,3.04891352431196,0.0121888955224759,0.0193045772479523,1.23118243485567,1.32327492860387,0.43011491975882
1,89,0.0569991529205724,1.56309891588628,3.09454778778337,0.0141949264877596,0.0193045772479523,1.23118243485567,1.42033668528117,0.43011491975882
1,90,0.0565796515944667,1.5658798400153,3.14359414744491,0.0149325003942072,0.0193045772479523,1.23118243485567,1.42192149245158,0.43011491975882
1,91,0.0515819782396363,1.48197716599293,3.19473986949864,0.0137242887974063,0.0193045772479523,1.23118243485567,1.37410661033389,0.43011491975882
1,92,0.0495885515567637,1.53865027271924,3.2457405938676,0.0154930503551115,0.0193045772479523,1.23118243485567,1.40640376830813,0.43011491975882
1,93,0.0632808598946172,1.67893657243776,3.30428929644708,0.01968637019097,0.0193045772479523,1.23118243485567,1.48635083747996,0.43011491975882
1,94,0.0509210772457521,1.53453821451785,3.37041033725871,0.0203583088988299,0.0193045772479523,1.23118243485567,1.40406036769008,0.43011491975882
1,95,0.0788512069574327,1.67552956362725,3.45944842456593,0.0288050455454487,0.0193045772479523,1.23118243485567,1.4844092339906,0.43011491975882
1,96,0.0739470029822489,1.95729446081372,3.5584991523903,0.0294396855170183,0.0193045772479523,1.23118243485567,1.64498284503286,0.43011491975882
1,97,0.0911311884764742,2.10137946778819,3.68353558143864,0.0403671111041486,0.0193045772479523,1.23118243485567,1.72709474079406,0.43011491975882
1,98,0.0994065711047477,2.35248360811815,3.84644123867414,0.0563412684657684,0.0193045772479523,1.23118243485567,1.87019524395489,0.43011491975882
1,99,0.117891071494883,2.60461146550868,4.0753457714572,0.0816313763755332,0.0193045772479523,1.23118243485567,2.01387914819492,0.43011491975882
1,100,0.726220998735452,5.52216927789542,4.67602544397282,0.491705180273384,0.0193045772479523,1.23118243485567,3.67655181621522,0.43011491975882
2,1,0.0139237597856816,0.226674422545689,-0.0490744297556402,0.336728938657063,0.0145234930357752,1.22860680097111,0.6576204870959,0.43011491975882
2,2,0.0175176795466278,0.351586560663881,0.407079710795417,0.0743920165669527,0.0145234930357752,1.22860680097111,0.728806050950484,0.43011491975882
2,3,0.0161241244753202,0.372274173325264,0.607720436763537,0.0450322061761346,0.0145234930357752,1.22860680097111,0.740595612752015,0.43011491975882
2,4,0.0168057834085841,0.423831121516356,0.746346678248082,0.0373028270940495,0.0145234930357752,1.22860680097111,0.769977148308885,0.43011491975882
2,5,0.0210495822925469,0.458783667087632,0.850128399336597,0.0248569724007432,0.0145234930357752,1.22860680097111,0.789896082546405,0.43011491975882
2,6,0.0242878378955526,0.507456018652147,0.933998155537385,0.0251617759451333,0.0145234930357752,1.22860680097111,0.817633729523276,0.43011491975882
2,7,0.0236640749972304,0.503825563512659,1.00269883912802,0.015211995385733,0.0145234930357752,1.22860680097111,0.815564787304797,0.43011491975882
2,8,0.0267137902909034,0.509551659705986,1.06243712930641,0.0168488105849048,0.0145234930357752,1.22860680097111,0.8188280040934,0.43011491975882
2,9,0.0262946648836879,0.526952467329031,1.1120721152443,0.0144775792375001,0.0145234930357752,1.22860680097111,0.82874446474192,0.43011491975882
2,10,0.022742109173571,0.578502146127617,1.1553795975586,0.00982955158958102,0.0145234930357752,1.22860680097111,0.858121857580459,0.43011491975882
2,11,0.021164395178856,0.627558235242399,1.19095472111613,0.00984714907328424,0.0145234930357752,1.22860680097111,0.886078190861955,0.43011491975882
2,12,0.0202500899824918,0.557794871051785,1.22828200431831,0.0108102432539508,0.0145234930357752,1.22860680097111,0.846321090462293,0.43011491975882
2,13,0.0226867472284822,0.664371007824054,1.26530617286035,0.011064749304822,0.0145234930357752,1.22860680097111,0.907057240718552,0.43011491975882
2,14,0.0266793868988823,0.603225593004885,1.29945484498418,0.00900497496421204,0.0145234930357752,1.22860680097111,0.87221138108795,0.43011491975882
2,15,0.0235369260510556,0.698146751112095,1.33013095488144,0.00879796006055688,0.0145234930357752,1.22860680097111,0.926305532892463,0.43011491975882
2,16,0.0244657154436849,0.644767591019465,1.35927129688548,0.0074848804972775,0.0145234930357752,1.22860680097111,0.895885545959868,0.43011491975882
2,17,0.0321543266513874,0.66222787942085,1.38824502143631,0.00834310390597931,0.0145234930357752,1.22860680097111,0.905835903816525,0.43011491975882
2,18,0.0280435457450995,0.653177566316733,1.41608275259896,0.00793839938952194,0.0145234930357752,1.22860680097111,0.900678265406978,0.43011491975882
2,19,0.0253755264670248,0.682073457076875,1.44241106,0.00734536494042488,0.0145234930357752,1.22860680097111,0.917145602431461,0.43011491975882
2,20,0.030599963602111,0.6795465892812,1.46874635808952,0.00771250168550647,0.0145234930357752,1.22860680097111,0.915705578174964,0.43011491975882
2,21,0.0308547978194696,0.71926212765074,1.49252790385317,0.00674793936753904,0.0145234930357752,1.22860680097111,0.938338870945511,0.43011491975882
2,22,0.0289735955210122,0.69957754130343,1.51764917976973,0.00721280588296852,0.0145234930357752,1.22860680097111,0.92712091887546,0.43011491975882
2,23,0.0208456604742017,0.768348531989378,1.54086579394071,0.00522109502639424,0.0145234930357752,1.22860680097111,0.966312480420787,0.43011491975882
2,24,0.0342567601384951,0.720449559647565,1.56240352851,0.00703639733593025,0.0145234930357752,1.22860680097111,0.939015570724303,0.43011491975882
2,25,0.0275427450851244,0.698823514310296,1.58669262752802,0.00689619653300992,0.0145234930357752,1.22860680097111,0.926691210141974,0.43011491975882
2,26,0.0295582845995666,0.716581060518831,1.60983541044995,0.00807884100095551,0.0145234930357752,1.22860680097111,0.936810970787911,0.43011491975882
2,27,0.0298985609876307,0.697074663292071,1.63284473982972,0.00632181686496191,0.0145234930357752,1.22860680097111,0.925694566039123,0.43011491975882
2,28,0.0357424718391623,0.764021208723526,1.6542815840203,0.00566493484430131,0.0145234930357752,1.22860680097111,0.963846403454197,0.43011491975882
2,29,0.034485372664342,0.744452499310925,1.6731359911986,0.00550707682316751,0.0145234930357752,1.22860680097111,0.952694487920381,0.43011491975882
2,30,0.0246377254835031,0.778621337431343,1.69309033040611,0.00606922255789387,0.0145234930357752,1.22860680097111,0.972166798974383,0.43011491975882
2,31,0.034140939073092,0.735398587506902,1.71463953667395,0.00576345709603341,0.0145234930357752,1.22860680097111,0.947534798665449,0.43011491975882
2,32,0.0410263805271615,0.810613168271371,1.73476874811566,0.00579032148070159,0.0145234930357752,1.22860680097111,0.990398466059715,0.43011491975882
2,33,0.0350361279667525,0.809683235020939,1.75228910422704,0.00470706729232336,0.0145234930357752,1.22860680097111,0.989868510974674,0.43011491975882
2,34,0.0257127539380735,0.861717992378849,1.77131224208816,0.00588962513288308,0.0145234930357752,1.22860680097111,1.01952234284692,0.43011491975882
2,35,0.0325599298098615,0.836628766225988,1.78970150832935,0.00488926674108159,0.0145234930357752,1.22860680097111,1.0052243671876,0.43011491975882
2,36,0.0323786243597866,0.835005662896304,1.80930105946452,0.00502730770643436,0.0145234930357752,1.22860680097111,1.00429938481633,0.43011491975882
2,37,0.028178575072005,0.816794113634662,1.82567134150604,0.00501204183880944,0.0145234930357752,1.22860680097111,0.99392089460404,0.43011491975882
2,38,0.0325484165670648,0.829814545353355,1.84364060170385,0.00538111738929254,0.0145234930357752,1.22860680097111,1.00134104437882,0.43011491975882
2,39,0.0326853306024113,0.842994180523976,1.85867411471358,0.00386087958359321,0.0145234930357752,1.22860680097111,1.00885192182558,0.43011491975882
2,40,0.0377168915632238,0.812372224806382,1.87573765296524,0.00499061185741816,0.0145234930357752,1.22860680097111,0.991400926134319,0.43011491975882
2,41,0.0421598846423725,0.870236863455766,1.89378317408371,0.00542778600069587,0.0145234930357752,1.22860680097111,1.02437712037415,0.43011491975882
2,42,0.0393501900531933,0.827405412143492,1.91148130036422,0.00486958872338906,0.0145234930357752,1.22860680097111,0.999968115306208,0.43011491975882
2,43,0.0334553568991083,0.859433061657943,1.92977188911185,0.0051751177800115,0.0145234930357752,1.22860680097111,1.01822019491969,0.43011491975882
2,44,0.0333855451764184,0.887528303760685,1.9484328162598,0.00605350088587212,0.0145234930357752,1.22860680097111,1.0342312542198,0.43011491975882
2,45,0.0340953427242398,0.889559499031498,1.96680569025067,0.00431370036659841,0.0145234930357752,1.22860680097111,1.0353888020997,0.43011491975882
2,46,0.0422730120633968,0.900030311007744,1.98220564469237,0.00486554826023258,0.0145234930357752,1.22860680097111,1.04135596162297,0.43011491975882
2,47,0.0369197839825383,0.853553225769131,1.99999245849068,0.00577005703011955,0.0145234930357752,1.22860680097111,1.01486936417239,0.43011491975882
2,48,0.0324460402593687,0.870132214170266,2.0220501221218,0.00602955539555888,0.0145234930357752,1.22860680097111,1.02431748230769,0.43011491975882
2,49,0.0415381246012183,0.886713269026714,2.03986931478,0.00471905353783922,0.0145234930357752,1.22860680097111,1.03376677808504,0.43011491975882
2,50,0.0298871897308343,0.954695452530453,2.05520048734204,0.00368235345997623,0.0145234930357752,1.22860680097111,1.07250881018603,0.43011491975882
2,51,0.0339163757515977,0.869818589427033,2.069158612485,0.0049166263827871,0.0145234930357752,1.22860680097111,1.02413875224572,0.43011491975882
2,52,0.0413325384170011,0.929126903600774,2.08924327338398,0.00613772616800664,0.0145234930357752,1.22860680097111,1.05793767562759,0.43011491975882
2,53,0.0359564391124179,0.910951719543498,2.10679145818836,0.00563065230975945,0.0145234930357752,1.22860680097111,1.04757990940271,0.43011491975882
2,54,0.0437835024568748,0.98878278709618,2.12682477367943,0.00675523854292266,0.0145234930357752,1.22860680097111,1.09193467358023,0.43011491975882
2,55,0.0443656370002237,1.00629727343358,2.14725760084326,0.00551086216845779,0.0145234930357752,1.22860680097111,1.101915918032,0.43011491975882
2,56,0.0364256410346163,0.967675177368056,2.16743528928598,0.00539172719751613,0.0145234930357752,1.22860680097111,1.07990576171662,0.43011491975882
2,57,0.0413847195745755,0.952657628794758,2.18651237805435,0.00565790001176012,0.0145234930357752,1.22860680097111,1.0713474848429,0.43011491975882
2,58,0.0463988013413253,0.980681132558699,2.20602551021228,0.00487265650199114,0.0145234930357752,1.22860680097111,1.08731766153405,0.43011491975882
2,59,0.0414051829294654,0.988826334647629,2.22521292896007,0.00581024034342409,0.0145234930357752,1.22860680097111,1.09195949068008,0.43011491975882
2,60,0.0508387991663801,0.945865813886746,2.2476138423998,0.00690004412399851,0.0145234930357752,1.22860680097111,1.06747693085907,0.43011491975882
2,61,0.0404424889525956,0.933080555753483,2.26893632996797,0.00644027418853106,0.0145234930357752,1.22860680097111,1.06019080300189,0.43011491975882
2,62,0.0479483516774252,0.930917717592334,2.29112589964506,0.00666694297256671,0.0145234930357752,1.22860680097111,1.05895823380287,0.43011491975882
2,63,0.0512438822485394,1.0446924555861,2.31026357635897,0.00518410318939671,0.0145234930357752,1.22860680097111,1.12379675949387,0.43011491975882
2,64,0.051993340360113,0.983792759505707,2.33042085265578,0.00651132316568756,0.0145234930357752,1.22860680097111,1.08909093130643,0.43011491975882
2,65,0.0396866415003134,1.03447916577246,2.3515895922952,0.00592499544618538,0.0145234930357752,1.22860680097111,1.11797635800889,0.43011491975882
2,66,0.053055320015379,1.09639821832198,2.37068544276285,0.00546341621239949,0.0145234930357752,1.22860680097111,1.15326310223953,0.43011491975882
2,67,0.0283204276276073,0.974399455718669,2.39191779447122,0.00599594174321945,0.0145234930357752,1.22860680097111,1.08373782762402,0.43011491975882
2,68,0.0464021879202279,1.05914699550613,2.41169684127856,0.00569627918769814,0.0145234930357752,1.22860680097111,1.13203418613604,0.43011491975882
2,69,0.0471007297792767,1.03698800694224,2.43265032492102,0.0056007127473283,0.0145234930357752,1.22860680097111,1.11940610916025,0.43011491975882
2,70,0.0422732479228519,1.06966573151976,2.4565508945301,0.0079938564955614,0.0145234930357752,1.22860680097111,1.13802865685321,0.43011491975882
2,71,0.0494781727621922,1.13838474613621,2.48161165481694,0.00745768899404632,0.0145234930357752,1.22860680097111,1.177190598012,0.43011491975882
2,72,0.0393708425565356,1.13418204618597,2.50463693979506,0.00658645824622552,0.0145234930357752,1.22860680097111,1.17479554201363,0.43011491975882
2,73,0.0425707986408149,1.09623607308584,2.52954829564781,0.00792516693656485,0.0145234930357752,1.22860680097111,1.15317069808863,0.43011491975882
2,74,0.0418146340602396,1.08080931864608,2.55331115829265,0.00641831521497976,0.0145234930357752,1.22860680097111,1.14437922089686,0.43011491975882
2,75,0.0430650845851375,1.04795980938875,2.58120592838196,0.00902126889935028,0.0145234930357752,1.22860680097111,1.12565877567786,0.43011491975882
2,76,0.0551149127124247,1.14005279430383,2.60716443935982,0.00747370476515075,0.0145234930357752,1.22860680097111,1.17814119377585,0.43011491975882
2,77,0.0506640456736033,1.16268312385235,2.63450916676364,0.00896000316576103,0.0145234930357752,1.22860680097111,1.19103788094649,0.43011491975882
2,78,0.0436734070219418,1.12258350402994,2.66509507125437,0.0104388160081945,0.0145234930357752,1.22860680097111,1.16818570588636,0.43011491975882
2,79,0.0519100911978512,1.2422447962734,2.69949933522745,0.00953769324097701,0.0145234930357752,1.22860680097111,1.23637889101828,0.43011491975882
2,80,0.0496698741442087,1.22725893001875,2.72957696185286,0.00809194366390761,0.0145234930357752,1.22860680097111,1.22783866942527,0.43011491975882
2,81,0.0477818429449088,1.27233494194172,2.76111343626444,0.0106236769643622,0.0145234930357752,1.22860680097111,1.25352681609694,0.43011491975882
2,82,0.0511562837200112,1.32672710964787,2.79595348370746,0.00986307235030786,0.0145234930357752,1.22860680097111,1.28452410095465,0.43011491975882
2,83,0.0542341539794969,1.2872974533737,2.82799423605375,0.0094061539741107,0.0145234930357752,1.22860680097111,1.26205372812497,0.43011491975882
2,84,0.0494313485594362,1.35650540850355,2.86083997855131,0.0100692653721317,0.0145234930357752,1.22860680097111,1.30149430918747,0.43011491975882
2,85,0.050465323659962,1.42407648874323,2.90131528050718,0.0118533690400396,0.0145234930357752,1.22860680097111,1.34000205967184,0.43011491975882
2,86,0.0657183364528406,1.47571144980411,2.93992950072748,0.0111915124266541,0.0145234930357752,1.22860680097111,1.36942805359927,0.43011491975882
2,87,0.0509421143567666,1.34152639651055,2.97465611710677,0.0106014084009582,0.0145234930357752,1.22860680097111,1.2929579937359,0.43011491975882
2,88,0.0622561320979669,1.3632025941278,3.01389819079927,0.0134397082788289,0.0145234930357752,1.22860680097111,1.30531093535433,0.43011491975882
2,89,0.0621112505157102,1.40563397243232,3.0615450674598,0.013291712711663,0.0145234930357752,1.22860680097111,1.32949194478415,0.43011491975882
2,90,0.072350831278091,1.49436748475027,3.10815058602973,0.0135192680556251,0.0145234930357752,1.22860680097111,1.38005984957155,0.43011491975882
2,91,0.0792890885202934,1.61888832937217,3.15886524588274,0.0144476182579367,0.0145234930357752,1.22860680097111,1.4510224211006,0.43011491975882
2,92,0.0717340727150482,1.68397951600403,3.22373509129533,0.0199008627983152,0.0145234930357752,1.22860680097111,1.48811691721729,0.43011491975882
2,93,0.087048927393263,1.93387623481405,3.29209111009689,0.019799080505746,0.0145234930357752,1.22860680097111,1.63052932886834,0.43011491975882
2,94,0.0772478928818378,1.75044567091747,3.35659453488657,0.0187869944787591,0.0145234930357752,1.22860680097111,1.52599498724346,0.43011491975882
2,95,0.106339610709871,1.81955918406035,3.43443871158777,0.0246218557962271,0.0145234930357752,1.22860680097111,1.56538174722663,0.43011491975882
2,96,0.0663478564485421,1.86482189829308,3.51927490594605,0.0242026889650094,0.0145234930357752,1.22860680097111,1.59117629275909,0.43011491975882
2,97,0.091290877623865,1.95847668679581,3.61975651072054,0.0323931549381037,0.0145234930357752,1.22860680097111,1.64454875941994,0.43011491975882
2,98,0.136591413330237,2.28359869027603,3.7630437137185,0.0446015459327066,0.0145234930357752,1.22860680097111,1.82983093846143,0.43011491975882
2,99,0.162928479905072,2.64929605874402,3.98687598520153,0.0890829864651182,0.0145234930357752,1.22860680097111,2.0382364126348,0.43011491975882
2,100,0.518686533401824,5.01994078285256,4.64709525909028,0.458588782171787,0.0145234930357752,1.22860680097111,3.38923147145673,0.43011491975882
3,1,0.0121963155439946,0.270956320795631,0.0613017172901848,0.334325714826086,0.0120478603981409,1.17975221951272,0.661842995849475,0.43011491975882
3,2,0.0172875906986383,0.356464929374043,0.48851132206242,0.0617213004137099,0.0120478603981409,1.17975221951272,0.710573076110496,0.43011491975882
3,3,0.0188217215384068,0.432953982828264,0.660939328475106,0.0401347352448287,0.0120478603981409,1.17975221951272,0.754163046475826,0.43011491975882
3,4,0.0146355190741285,0.436836469800884,0.780798361141983,0.0246602121704298,0.0120478603981409,1.17975221951272,0.756375617875753,0.43011491975882
3,5,0.0212469085067693,0.507054819590603,0.865998605933187,0.0212545148034575,0.0120478603981409,1.17975221951272,0.79639200778007,0.43011491975882
3,6,0.0217670179197412,0.478820972152674,0.938299989759814,0.0203493679668079,0.0120478603981409,1.17975221951272,0.780301959367389,0.43011491975882
3,7,0.0200580795643387,0.568600168465566,1.00196922021056,0.0180562142694752,0.0120478603981409,1.17975221951272,0.83146578386215,0.43011491975882
3,8,0.0235957595864786,0.494262760851576,1.05677377141643,0.0144156296277557,0.0120478603981409,1.17975221951272,0.78910200435913,0.43011491975882
3,9,0.0202715820096467,0.581530894908735,1.10791141635966,0.0146425182881322,0.0120478603981409,1.17975221951272,0.838834811938792,0.43011491975882
3,10,0.0231867960756939,0.618389147279072,1.14958765239365,0.00995881442800861,0.0120478603981409,1.17975221951272,0.859839780048411,0.43011491975882
3,11,0.0254493731209829,0.631667089639732,1.18121414102655,0.0077664860260684,0.0120478603981409,1.17975221951272,0.867406681296054,0.43011491975882
3,12,0.0289121983548154,0.602478595688585,1.21124538779753,0.00950810755735284,0.0120478603981409,1.17975221951272,0.850772594078585,0.43011491975882
3,13,0.0248494572197906,0.668207461289749,1.24491573824957,0.00966697532678849,0.0120478603981409,1.17975221951272,0.888230493925866,0.43011491975882
3,14,0.0212344616501991,0.641210254766982,1.27682122490693,0.0104294933964935,0.0120478603981409,1.17975221951272,0.872845188720351,0.43011491975882
3,15,0.0200899168579682,0.660367573593829,1.30947596720952,0.00882928640472345,0.0120478603981409,1.17975221951272,0.883762658897195,0.43011491975882
3,16,0.0251782451848612,0.65243574339095,1.33964274182591,0.00871097360225311,0.0120478603981409,1.17975221951272,0.879242427205568,0.43011491975882
3,17,0.0314791978902868,0.692513836631082,1.36789535117919,0.00671792526192836,0.0120478603981409,1.17975221951272,0.902082334587634,0.43011491975882
3,18,0.0205383685075108,0.650359787934242,1.39131343843313,0.00572298540076199,0.0120478603981409,1.17975221951272,0.878059371163545,0.43011491975882
3,19,0.0310466913414946,0.676738610181889,1.41394512307316,0.00775431777317397,0.0120478603981409,1.17975221951272,0.893092268396813,0.43011491975882
3,20,0.0233856944534722,0.694484365855043,1.44116032570713,0.00785139910291661,0.0120478603981409,1.17975221951272,0.903205309792549,0.43011491975882
3,21,0.0274675955671742,0.696998643049028,1.46543915249567,0.00675593116263609,0.0120478603981409,1.17975221951272,0.904638158852991,0.43011491975882
3,22,0.024060773116527,0.740229502582211,1.48614516545733,0.00606672497248616,0.0120478603981409,1.17975221951272,0.929274780706954,0.43011491975882
3,23,0.029120124980313,0.715253351090999,1.50840311348081,0.0062564061439504,0.0120478603981409,1.17975221951272,0.915041244610269,0.43011491975882
3,24,0.0314047289794154,0.72765276412287,1.53017522891608,0.00696412209173392,0.0120478603981409,1.17975221951272,0.92210748510088,0.43011491975882
3,25,0.0310342624697879,0.708093183805602,1.55145087937052,0.00548394107119329,0.0120478603981409,1.17975221951272,0.91096077210229,0.43011491975882
3,26,0.028627303668597,0.773480876662838,1.57221118215659,0.00620631793305765,0.0120478603981409,1.17975221951272,0.948224242693022,0.43011491975882
3,27,0.0287794075348613,0.798162140798605,1.59497205350581,0.00632780587787417,0.0120478603981409,1.17975221951272,0.962289726885488,0.43011491975882
3,28,0.028000598621493,0.756614941568284,1.61532058353308,0.00590268825329051,0.0120478603981409,1.17975221951272,0.93861259791832,0.43011491975882
3,29,0.0257119825856055,0.802157771820233,1.63334458033197,0.0046511089245503,0.0120478603981409,1.17975221951272,0.964566777390862,0.43011491975882
3,30,0.0282153209417722,0.768705364997575,1.65140422339396,0.00574839613729251,0.0120478603981409,1.17975221951272,0.945502749844471,0.43011491975882
3,31,0.027325722853568,0.766216879117216,1.66885096937644,0.00521246582301557,0.0120478603981409,1.17975221951272,0.944084598868864,0.43011491975882
3,32,0.0271136200191651,0.795342773662695,1.68706623570593,0.00474592199408732,0.0120478603981409,1.17975221951272,0.96068301161901,0.43011491975882
3,33,0.0314293503335675,0.80199693746673,1.70581783476584,0.00623902214161637,0.0120478603981409,1.17975221951272,0.96447512029241,0.43011491975882
3,34,0.0343186507988324,0.802410558190756,1.72547827518144,0.0050327326692193,0.0120478603981409,1.17975221951272,0.964710836571911,0.43011491975882
3,35,0.0289499723255507,0.847029500637204,1.74258772760594,0.00517615703056532,0.0120478603981409,1.17975221951272,0.990138506168282,0.43011491975882
3,36,0.0305819896662241,0.841126780403737,1.75941593966133,0.00451517913780122,0.0120478603981409,1.17975221951272,0.986774633974391,0.43011491975882
3,37,0.0280700500820351,0.780454278682012,1.77687898742528,0.0053703949607513,0.0120478603981409,1.17975221951272,0.952198280462273,0.43011491975882
3,38,0.0323335590542241,0.821228029400314,1.79297020443822,0.00429963161953168,0.0120478603981409,1.17975221951272,0.975434632662107,0.43011491975882
3,39,0.0337272777764086,0.853574082415449,1.80907336764193,0.00510537912708259,0.0120478603981409,1.17975221951272,0.993868165680122,0.43011491975882
3,40,0.0279697919246012,0.846632312104891,1.82555953504671,0.00499848237200029,0.0120478603981409,1.17975221951272,0.989912154349674,0.43011491975882
3,41,0.0338875235256643,0.884357821168044,1.84314909060797,0.00467494813845572,0.0120478603981409,1.17975221951272,1.01141135910927,0.43011491975882
3,42,0.0284154638172973,0.821867987707589,1.86076882786818,0.00458524966927269,0.0120478603981409,1.17975221951272,0.975799335353399,0.43011491975882
3,43,0.0338651724215156,0.922225607505397,1.87796395074012,0.00440053294545106,0.0120478603981409,1.17975221951272,1.03299164556469,0.43011491975882
3,44,0.0329489677081711,0.827096875700812,1.89417633997415,0.00564602266730261,0.0120478603981409,1.17975221951272,0.978779200606989,0.43011491975882
3,45,0.0352409516280148,0.902975585520094,1.91321822197638,0.00538035339259646,0.0120478603981409,1.17975221951272,1.02202134524095,0.43011491975882
3,46,0.0333648063419739,0.864723221816937,1.93082634934296,0.00510090564966543,0.0120478603981409,1.17975221951272,1.00022189388256,0.43011491975882
3,47,0.025958408175807,0.876715852646117,1.95017118516841,0.0045815286457266,0.0120478603981409,1.17975221951272,1.00705631526495,0.43011491975882
3,48,0.0304006509642247,0.937254473992949,1.96721602797519,0.00521086220537324,0.0120478603981409,1.17975221951272,1.04155637234888,0.43011491975882
3,49,0.0290856937729843,0.926448778642713,1.98537742913321,0.00506128942669948,0.0120478603981409,1.17975221951272,1.03539836778715,0.43011491975882
3,50,0.0282147762413954,0.913839734652257,2.00334163604082,0.00560804937405568,0.0120478603981409,1.17975221951272,1.02821266174088,0.43011491975882
3,51,0.0346606445838167,0.982286319988202,2.02092748881685,0.00463368754911838,0.0120478603981409,1.17975221951272,1.06721934951729,0.43011491975882
3,52,0.0395886727497209,0.954463438729683,2.03627424878801,0.00491162601874087,0.0120478603981409,1.17975221951272,1.05136350459874,0.43011491975882
3,53,0.0328826849714843,1.01758697213898,2.05449328009265,0.00543989941194324,0.0120478603981409,1.17975221951272,1.0873366645008,0.43011491975882
3,54,0.0405277432242003,0.946523358116294,2.07205558840465,0.00514239903138176,0.0120478603981409,1.17975221951272,1.04683857112126,0.43011491975882
3,55,0.0472372375870323,0.95095892543384,2.09027237657494,0.00497082482939937,0.0120478603981409,1.17975221951272,1.04936633475793,0.43011491975882
3,56,0.0361353934983049,0.945240296349359,2.10760981566799,0.00479294454528958,0.0120478603981409,1.17975221951272,1.04610737336325,0.43011491975882
3,57,0.041384246182328,0.976391468043054,2.12553426554299,0.00528388966784916,0.0120478603981409,1.17975221951272,1.06385996134352,0.43011491975882
3,58,0.0416233645781294,0.881416075807274,2.14354754143969,0.00573290670287131,0.0120478603981409,1.17975221951272,1.0097349023183,0.43011491975882
3,59,0.0355611655799608,0.944134161808135,2.16182425217623,0.00436634908172004,0.0120478603981409,1.17975221951272,1.04547700379147,0.43011491975882
3,60,0.0391606542689588,1.03785702887633,2.1775767619923,0.00570345979428581,0.0120478603981409,1.17975221951272,1.09888826741106,0.43011491975882
3,61,0.0386653703178179,1.0717869803708,2.19873861488623,0.00585164692115244,0.0120478603981409,1.17975221951272,1.11822444054107,0.43011491975882
3,62,0.038947023678416,1.08613238888588,2.22064927714483,0.0061297868376345,0.0120478603981409,1.17975221951272,1.12639967482377,0.43011491975882
3,63,0.0350876914414334,1.01486465180882,2.24053460837611,0.0056853728390941,0.0120478603981409,1.17975221951272,1.08578525476101,0.43011491975882
3,64,0.0405022706554935,1.0052530137324,2.25961169277453,0.0053904452104994,0.0120478603981409,1.17975221951272,1.08030772562458,0.43011491975882
3,65,0.0393616910065241,1.07513603569323,2.27844329885797,0.00604679864022313,0.0120478603981409,1.17975221951272,1.12013301720222,0.43011491975882
3,66,0.0385291075661329,1.07402656721988,2.30060538585395,0.00552635684289148,0.0120478603981409,1.17975221951272,1.11950074767226,0.43011491975882
3,67,0.0439777634384519,1.04959518754464,2.3206441027452,0.00659702640940127,0.0120478603981409,1.17975221951272,1.10557766890563,0.43011491975882
3,68,0.0347001193205767,1.00635889157133,2.3424620763912,0.00611645747169108,0.0120478603981409,1.17975221951272,1.08093794890555,0.43011491975882
3,69,0.0414573608011293,1.01900943233954,2.36570106604239,0.00664834025183441,0.0120478603981409,1.17975221951272,1.08814730334634,0.43011491975882
3,70,0.0398090347467896,1.10286078443966,2.38840857132338,0.00621230993529174,0.0120478603981409,1.17975221951272,1.13593293786625,0.43011491975882
3,71,0.049936521741263,1.18387774758103,2.41206863303561,0.00699078677031106,0.0120478603981409,1.17975221951272,1.18210329640696,0.43011491975882
3,72,0.0441870678470062,1.14177244900397,2.4344060296126,0.00700295788357414,0.0120478603981409,1.17975221951272,1.1581081149488,0.43011491975882
3,73,0.0459891368543703,1.07697088691999,2.45979402350579,0.00869314779846771,0.0120478603981409,1.17975221951272,1.12117867154082,0.43011491975882
3,74,0.0372496597192669,1.05018854076405,2.486675607886,0.00704753006928447,0.0120478603981409,1.17975221951272,1.10591581205269,0.43011491975882
3,75,0.0508232219012425,1.04574007666671,2.51169434632751,0.00805141405802812,0.0120478603981409,1.17975221951272,1.10338069873363,0.43011491975882
3,76,0.0466506154563544,1.12924186665175,2.53854816114972,0.00802375180206058,0.0120478603981409,1.17975221951272,1.15096712301953,0.43011491975882
3,77,0.0509910413383864,1.20925801595669,2.56394485649381,0.00695942506476778,0.0120478603981409,1.17975221951272,1.19656713268677,0.43011491975882
3,78,0.0434906831746984,1.21409244361807,2.59166821547216,0.00822816351001533,0.0120478603981409,1.17975221951272,1.1993222008825,0.43011491975882
3,79,0.0488985016828325,1.22269548221945,2.61564313229613,0.00741307108561366,0.0120478603981409,1.17975221951272,1.20422494422616,0.43011491975882
3,80,0.0474008285378947,1.17663528511567,2.64183947361288,0.00769703404524366,0.0120478603981409,1.17975221951272,1.17797592510375,0.43011491975882
3,81,0.0611607057584239,1.24329188398744,2.67021020256128,0.00829655696501185,0.0120478603981409,1.17975221951272,1.21596252630039,0.43011491975882
3,82,0.0551209859554314,1.26218493766853,2.69818264725826,0.00962661014094862,0.0120478603981409,1.17975221951272,1.22672939571344,0.43011491975882
3,83,0.0513497835926207,1.30641895106703,2.72993248184788,0.00844058861220164,0.0120478603981409,1.17975221951272,1.25193769998843,0.43011491975882
3,84,0.0477604532220042,1.24849187464266,2.7609496542345,0.00924789074159782,0.0120478603981409,1.17975221951272,1.21892592339219,0.43011491975882
3,85,0.0452642299314833,1.32138249350133,2.79527284516701,0.00889184350806276,0.0120478603981409,1.17975221951272,1.2604651995693,0.43011491975882
3,86,0.0580308987827728,1.41447537841441,2.82910270875232,0.00920455231578221,0.0120478603981409,1.17975221951272,1.31351744575787,0.43011491975882
3,87,0.0578048369545952,1.35028716420999,2.86774680353408,0.0137011107778404,0.0120478603981409,1.17975221951272,1.27693754015545,0.43011491975882
3,88,0.0642784849283238,1.37942276360341,2.91471000449006,0.0134494983813758,0.0120478603981409,1.17975221951272,1.29354148355364,0.43011491975882
3,89,0.0638280897658112,1.33609004210934,2.95993879290101,0.0135659889452488,0.0120478603981409,1.17975221951272,1.26884681208792,0.43011491975882
3,90,0.0649115206460862,1.4396105038803,3.01070291461011,0.0137787388929338,0.0120478603981409,1.17975221951272,1.32784157875087,0.43011491975882
3,91,0.0601448547996271,1.44851200107415,3.05904450019957,0.0166780101309782,0.0120478603981409,1.17975221951272,1.33291440919346,0.43011491975882
3,92,0.0755415517367745,1.52265299203442,3.11861000126958,0.0194250985506837,0.0120478603981409,1.17975221951272,1.37516625377601,0.43011491975882
3,93,0.101434733125772,1.68476528650061,3.18508328556403,0.019726263224889,0.0120478603981409,1.17975221951272,1.46755163171595,0.43011491975882
3,94,0.0757988512137408,1.62926624698048,3.2559583397609,0.0188964816800941,0.0120478603981409,1.17975221951272,1.43592355712572,0.43011491975882
3,95,0.0878030466333725,1.75298385796818,3.32589789202172,0.0224464660654492,0.0120478603981409,1.17975221951272,1.50642837779069,0.43011491975882
3,96,0.0700276436752699,1.73554212063826,3.41717092968656,0.0256819978017725,0.0120478603981409,1.17975221951272,1.49648859191288,0.43011491975882
3,97,0.0897325754447907,1.86018519025949,3.52475566941386,0.0362564751843931,0.0120478603981409,1.17975221951272,1.56752081764549,0.43011491975882
3,98,0.0976662506612595,2.13673526137558,3.66033129245884,0.0451396629845829,0.0120478603981409,1.17975221951272,1.72512257711419,0.43011491975882
3,99,0.122877915345208,2.45866921740894,3.87554512997884,0.0909535590145903,0.0120478603981409,1.17975221951272,1.90858793548061,0.43011491975882
3,100,0.260584191418883,3.8447654567794,4.41110918852976,0.339514870056652,0.0120478603981409,1.17975221951272,2.69850350207625,0.43011491975882
4,1,0.0101928701769605,0.274594263545318,0.0747496543433695,0.224064261950662,0.0120360920323933,1.17765377612385,0.663013633335472,0.43011491975882
4,2,0.0138694728752258,0.388064873429957,0.447472113460281,0.0659961207316657,0.0120360920323933,1.17765377612385,0.727678840954596,0.43011491975882
4,3,0.0148362116109849,0.455918285602741,0.622616483166914,0.0396746101368388,0.0120360920323933,1.17765377612385,0.76634748819532,0.43011491975882
4,4,0.017504846589407,0.457163612892075,0.732583911704328,0.0256157363784769,0.0120360920323933,1.17765377612385,0.767057181637529,0.43011491975882
4,5,0.0132101625480774,0.52431258487377,0.810671396270962,0.0191540374435221,0.0120360920323933,1.17765377612385,0.80532437892343,0.43011491975882
4,6,0.0176131205471651,0.518471231024364,0.865740652339266,0.0162550173229175,0.0120360920323933,1.17765377612385,0.801995478516244,0.43011491975882
4,7,0.0198057206625553,0.561309432171018,0.920730299804885,0.0130476180873737,0.0120360920323933,1.17765377612385,0.826408330214093,0.43011491975882
4,8,0.0179281962687282,0.579128933346908,0.96363866663746,0.012791274332342,0.0120360920323933,1.17765377612385,0.836563398071573,0.43011491975882
4,9,0.024258741193615,0.578973689202741,1.00901372029073,0.0127821719205463,0.0120360920323933,1.17765377612385,0.836474926750017,0.43011491975882
4,10,0.0217780245687781,0.612246415970574,1.04983776804818,0.0102055831081166,0.0120360920323933,1.17765377612385,0.855436557313946,0.43011491975882
4,11,0.0220705453023122,0.617012952396318,1.08222230224363,0.00849866156671591,0.0120360920323933,1.17765377612385,0.858152935307404,0.43011491975882
4,12,0.0218154177793265,0.661702797815833,1.11552376555971,0.00990059166327081,0.0120360920323933,1.17765377612385,0.88362101145027,0.43011491975882
4,13,0.0209585554196129,0.631817079586957,1.14821142577625,0.00848795034060436,0.0120360920323933,1.17765377612385,0.866589586519342,0.43011491975882
4,14,0.0215729863458143,0.667119339147823,1.1757980263734,0.00829832726010862,0.0120360920323933,1.17765377612385,0.886707817541881,0.43011491975882
4,15,0.0234326758095619,0.684317014807474,1.20234441670585,0.00742953792622918,0.0120360920323933,1.17765377612385,0.896508516315143,0.43011491975882
4,16,0.0206712695092012,0.679022244085847,1.22919377628196,0.00832232105460495,0.0120360920323933,1.17765377612385,0.89349110547759,0.43011491975882
4,17,0.02279121319897,0.704249192358122,1.25600237702279,0.00702983830821028,0.0120360920323933,1.17765377612385,0.907867566917975,0.43011491975882
4,18,0.0204148339182074,0.725033245044676,1.27795041764717,0.00658197767003618,0.0120360920323933,1.17765377612385,0.919712088450989,0.43011491975882
4,19,0.0206529359637677,0.70643823911343,1.30145945480719,0.00728216865575953,0.0120360920323933,1.17765377612385,0.909115072003776,0.43011491975882
4,20,0.0196074044878743,0.724353187809589,1.32650121392176,0.00666012975279995,0.0120360920323933,1.17765377612385,0.919324533979003,0.43011491975882
4,21,0.0206960958433739,0.749288422828573,1.34742216495873,0.00618817676440528,0.0120360920323933,1.17765377612385,0.933534752388629,0.43011491975882
4,22,0.0306646773765495,0.779482570824137,1.37019772891477,0.00624869634441514,0.0120360920323933,1.17765377612385,0.950741946841895,0.43011491975882
4,23,0.0221063159987165,0.744869873452221,1.3895126876712,0.00558187898502298,0.0120360920323933,1.17765377612385,0.931016687022737,0.43011491975882
4,24,0.0190024921304929,0.737503212929977,1.408895899945,0.00564956059348285,0.0120360920323933,1.17765377612385,0.926818537099909,0.43011491975882
4,25,0.0255342903362585,0.750563771176989,1.42782623149229,0.00502259229653646,0.0120360920323933,1.17765377612385,0.934261554384502,0.43011491975882
4,26,0.0234452182358062,0.775539593410119,1.44642203299215,0.00570775920624669,0.0120360920323933,1.17765377612385,0.948494902841919,0.43011491975882
4,27,0.0220675906886756,0.794225109345491,1.46505514823485,0.00491844539654465,0.0120360920323933,1.17765377612385,0.959143499590096,0.43011491975882
4,28,0.0259813472036549,0.799027841008597,1.48187515118032,0.00501518398037749,0.0120360920323933,1.17765377612385,0.961880504709302,0.43011491975882
4,29,0.0294127717825098,0.80385257344756,1.50029571796279,0.00559683475523513,0.0120360920323933,1.17765377612385,0.964630047742423,0.43011491975882
4,30,0.0307374553294673,0.82257426999626,1.51896098801801,0.00571655136564151,0.0120360920323933,1.17765377612385,0.97529926328233,0.43011491975882
4,31,0.0239566623712582,0.821860562628836,1.53835166446636,0.0051229142825151,0.0120360920323933,1.17765377612385,0.974892532101977,0.43011491975882
4,32,0.0291296161561227,0.826980849528122,1.5574977311732,0.00601924603824337,0.0120360920323933,1.17765377612385,0.977810507212434,0.43011491975882
4,33,0.0270026435534839,0.8816033331885,1.57799631367424,0.00599168169004112,0.0120360920323933,1.17765377612385,1.0089390456962,0.43011491975882
4,34,0.0295257624563791,0.865807791487979,1.59634526891968,0.00420887864507965,0.0120360920323933,1.17765377612385,0.999937402146747,0.43011491975882
4,35,0.0257269959829539,0.907122822689316,1.61244739460016,0.00463959968210523,0.0120360920323933,1.17765377612385,1.02348222201809,0.43011491975882
4,36,0.0281445788753322,0.853999943170206,1.6292772967954,0.00494920787627421,0.0120360920323933,1.17765377612385,0.993208285560697,0.43011491975882
4,37,0.0246620684136191,0.855259447758342,1.64541715008,0.0047046191577173,0.0120360920323933,1.17765377612385,0.993926058433971,0.43011491975882
4,38,0.0308254757904861,0.84723316671071,1.66012535774342,0.00419840637933306,0.0120360920323933,1.17765377612385,0.989352000615103,0.43011491975882
4,39,0.0295431799479508,0.852053470844898,1.67518686730975,0.00397867191163844,0.0120360920323933,1.17765377612385,0.992099020023402,0.43011491975882
4,40,0.0263021192448667,0.91184598956695,1.6917231332565,0.00501971708205414,0.0120360920323933,1.17765377612385,1.02617388435314,0.43011491975882
4,41,0.0266276669338046,0.857042404104553,1.70898826196836,0.00453981290968308,0.0120360920323933,1.17765377612385,0.994942138654398,0.43011491975882
4,42,0.0260442894318274,0.858649127384847,1.72557224108458,0.0051865711322557,0.0120360920323933,1.17765377612385,0.995857786279914,0.43011491975882
4,43,0.0272895355826833,0.91129705603872,1.74265936317358,0.00486280832543149,0.0120360920323933,1.17765377612385,1.02586105532536,0.43011491975882
4,44,0.024738937347941,0.938748896099095,1.75763194815738,0.00401306495036627,0.0120360920323933,1.17765377612385,1.04150544940093,0.43011491975882
4,45,0.0276631000839822,0.902639056314707,1.77114319702136,0.00399376531397668,0.0120360920323933,1.17765377612385,1.02092699045791,0.43011491975882
4,46,0.0314867960476031,0.923556584362793,1.7856919556019,0.00433161106142998,0.0120360920323933,1.17765377612385,1.03284757760804,0.43011491975882
4,47,0.0318506290165344,0.901287975283218,1.80117325260554,0.00426168439798029,0.0120360920323933,1.17765377612385,1.02015702953587,0.43011491975882
4,48,0.0271041000572663,0.91828248415873,1.81576567129983,0.00430238267269234,0.0120360920323933,1.17765377612385,1.02984194659005,0.43011491975882
4,49,0.0254030623780615,0.925827219776474,1.83204450314761,0.00520849624018153,0.0120360920323933,1.17765377612385,1.03414157885297,0.43011491975882
4,50,0.0336912460177521,0.983276566669438,1.84953768901641,0.00499581188172986,0.0120360920323933,1.17765377612385,1.06688110451687,0.43011491975882
4,51,0.0274537703224636,0.907007667683153,1.86563948056914,0.00479252033093871,0.0120360920323933,1.17765377612385,1.02341659689816,0.43011491975882
4,52,0.0330651261570551,0.932098180386831,1.8821343516101,0.00463994695148438,0.0120360920323933,1.17765377612385,1.03771530574359,0.43011491975882
4,53,0.0338961313925938,0.950317311110614,1.89964413196632,0.004953308610452,0.0120360920323933,1.17765377612385,1.04809811651804,0.43011491975882
4,54,0.0271428590912563,0.944298756802674,1.91798299918147,0.00503977001348258,0.0120360920323933,1.17765377612385,1.04466823221332,0.43011491975882
4,55,0.0322771859836246,1.010014741936,1.93538356470702,0.00521987437181414,0.0120360920323933,1.17765377612385,1.08211879167415,0.43011491975882
4,56,0.0306424123622797,0.989480175903769,1.95357976776884,0.00506867325689923,0.0120360920323933,1.17765377612385,1.07041644886316,0.43011491975882
4,57,0.0338861979180177,0.999998030593938,1.9719346512427,0.00455063890814341,0.0120360920323933,1.17765377612385,1.07641041732723,0.43011491975882
4,58,0.0337875420299041,0.951392619733709,1.98785282026181,0.00479484531984148,0.0120360920323933,1.17765377612385,1.04871091885899,0.43011491975882
4,59,0.0277613192966271,0.981605004892681,2.00665885742957,0.00580801891038123,0.0120360920323933,1.17765377612385,1.06592850639959,0.43011491975882
4,60,0.0346406438099964,0.985014910031299,2.02697872405188,0.0056680364604851,0.0120360920323933,1.17765377612385,1.06787176046313,0.43011491975882
4,61,0.0387387618212917,1.00573467045168,2.04415155864724,0.00533334265196949,0.0120360920323933,1.17765377612385,1.07967964279287,0.43011491975882
4,62,0.032999133679686,1.03018963502362,2.06245126583156,0.00521525712258902,0.0120360920323933,1.17765377612385,1.09361616224025,0.43011491975882
4,63,0.0343144110341006,0.994109593102913,2.08362543021456,0.00585716236484349,0.0120360920323933,1.17765377612385,1.07305468465516,0.43011491975882
4,64,0.0405048505222294,1.07744612117244,2.10238839004646,0.0051309199033603,0.0120360920323933,1.17765377612385,1.12054692864109,0.43011491975882
4,65,0.032718273174385,1.05257244791867,2.1219313866834,0.00615281185683638,0.0120360920323933,1.17765377612385,1.10637179336297,0.43011491975882
4,66,0.0341914954948925,1.01925483029826,2.14086839420271,0.00481491076937864,0.0120360920323933,1.17765377612385,1.08738458017192,0.43011491975882
4,67,0.0323164673074383,1.08185449926851,2.15792101198835,0.0054438979134766,0.0120360920323933,1.17765377612385,1.1230591975461,0.43011491975882
4,68,0.0350268452321829,1.00492880818076,2.17646188801003,0.00522176358821574,0.0120360920323933,1.17765377612385,1.07922039390795,0.43011491975882
4,69,0.0348644297362125,1.12704860824352,2.19721046810785,0.00670557819000958,0.0120360920323933,1.17765377612385,1.14881464596575,0.43011491975882
4,70,0.0313579220007541,1.02854677525613,2.21881945915796,0.00538744418168464,0.0120360920323933,1.17765377612385,1.09267992096983,0.43011491975882
4,71,0.0370341544017054,1.05865725619935,2.24145319112967,0.0071319523055289,0.0120360920323933,1.17765377612385,1.10983943481826,0.43011491975882
4,72,0.0434938974786968,1.077689564476,2.26656240437325,0.00704783575448584,0.0120360920323933,1.17765377612385,1.12068566334767,0.43011491975882
4,73,0.0367120642943033,1.14404573254073,2.2915249860014,0.00760521222129806,0.0120360920323933,1.17765377612385,1.15850105350973,0.43011491975882
4,74,0.0440258046489196,1.19651394472191,2.31827365869503,0.00756288747004145,0.0120360920323933,1.17765377612385,1.18840190481872,0.43011491975882
4,75,0.0392086443717232,1.15846007804198,2.34309506400877,0.0065479284781749,0.0120360920323933,1.17765377612385,1.16671557395234,0.43011491975882
4,76,0.045673881565573,1.1037529652252,2.36708631092843,0.00811900265590843,0.0120360920323933,1.17765377612385,1.13553880657499,0.43011491975882
4,77,0.0474529327697099,1.03774111518068,2.3937493624662,0.0077504124822042,0.0120360920323933,1.17765377612385,1.0979196381155,0.43011491975882
4,78,0.0482765886052745,1.16169574886407,2.41846920171905,0.0074180654133719,0.0120360920323933,1.17765377612385,1.16855953447842,0.43011491975882
4,79,0.0367756658995715,1.169434018248,2.4461763529062,0.00746232972693071,0.0120360920323933,1.17765377612385,1.17296945874721,0.43011491975882
4,80,0.0400909644449822,1.12983293480374,2.47401609443605,0.00781376292302751,0.0120360920323933,1.17765377612385,1.15040139213094,0.43011491975882
4,81,0.0387137239741851,1.17972390648245,2.50120875526289,0.00809792776476244,0.0120360920323933,1.17765377612385,1.17883351252937,0.43011491975882
4,82,0.0499866539253378,1.18874696987168,2.53150492613727,0.00886804856533131,0.0120360920323933,1.17765377612385,1.18397562173296,0.43011491975882
4,83,0.0371602821765262,1.29223703004141,2.56519526339867,0.0101488409403556,0.0120360920323933,1.17765377612385,1.24295306297695,0.43011491975882
4,84,0.0356289881767421,1.23625411376064,2.6019469202716,0.0120661075522415,0.0120360920323933,1.17765377612385,1.21104923424015,0.43011491975882
4,85,0.0485202897993778,1.24905230432121,2.64016351764464,0.0105740734125451,0.0120360920323933,1.17765377612385,1.21834273209471,0.43011491975882
4,86,0.0376449827959405,1.26000250808582,2.6780076310709,0.0108542112103322,0.0120360920323933,1.17765377612385,1.22458308984576,0.43011491975882
4,87,0.0448408765958068,1.32964578334207,2.71864852078808,0.0124964042230773,0.0120360920323933,1.17765377612385,1.26427175335342,0.43011491975882
4,88,0.049578544900662,1.30516780777392,2.76013792991478,0.012574624350034,0.0120360920323933,1.17765377612385,1.25032212028263,0.43011491975882
4,89,0.0536300209543779,1.33202558829105,2.80444761194444,0.0136161495111004,0.0120360920323933,1.17765377612385,1.26562796868773,0.43011491975882
4,90,0.0567579549751087,1.47378087962195,2.85715956350734,0.0134459145089271,0.0120360920323933,1.17765377612385,1.34641219426245,0.43011491975882
4,91,0.0488846244039233,1.35548476768776,2.90757013861513,0.0165875878499005,0.0120360920323933,1.17765377612385,1.27899700502061,0.43011491975882
4,92,0.0570719585543922,1.41938528388862,2.96570587117428,0.0166773250393383,0.0120360920323933,1.17765377612385,1.3154129558232,0.43011491975882
4,93,0.0685948047885226,1.54974985906252,3.03045722659968,0.019769595584787,0.0120360920323933,1.17765377612385,1.38970578220679,0.43011491975882
4,94,0.0559379921195721,1.48846519920148,3.10015795843098,0.020392103455103,0.0120360920323933,1.17765377612385,1.35478056890432,0.43011491975882
4,95,0.061531776020765,1.51999904881182,3.18536035328055,0.02912908735864,0.0120360920323933,1.17765377612385,1.37275123931982,0.43011491975882
4,96,0.0692085493497135,1.56287272737269,3.28322314328161,0.0293017837543811,0.0120360920323933,1.17765377612385,1.39718430906672,0.43011491975882
4,97,0.0627495608199997,1.64318632416643,3.39380269908849,0.040031966010552,0.0120360920323933,1.17765377612385,1.44295382961998,0.43011491975882
4,98,0.081855449407414,1.84977273292003,3.56607490571078,0.0610858597966657,0.0120360920323933,1.17765377612385,1.56068434174926,0.43011491975882
4,99,0.0679645702445132,2.06926600673805,3.82870150820938,0.0883096090878866,0.0120360920323933,1.17765377612385,1.68577028371144,0.43011491975882
4,100,0.299051322902977,3.73949641436123,4.42909555940123,0.425569993918718,0.0120360920323933,1.17765377612385,2.63760967358103,0.43011491975882
5,1,0.033877510244049,0.322134341795858,0.535383236671569,0.184451717488383,0.0285754126577409,1.28167995832935,0.734849227656089,0.43011491975882
5,2,0.0409509896399271,0.3315896224231,0.899477143937853,0.0715928442858514,0.0285754126577409,1.28167995832935,0.740237651015047,0.43011491975882
5,3,0.0414699523047688,0.488592033142332,1.0352184121033,0.0231855298975683,0.0285754126577409,1.28167995832935,0.829710982445836,0.43011491975882
5,4,0.047848633028758,0.375210247677989,1.10850517889198,0.0195961223231011,0.0285754126577409,1.28167995832935,0.765096394538601,0.43011491975882
5,5,0.0413618498850898,0.591435462468896,1.21016571570551,0.0271815630495722,0.0285754126577409,1.28167995832935,0.888319918419883,0.43011491975882
5,6,0.0435435542774704,0.597096147054839,1.27720583965331,0.0115075345423945,0.0285754126577409,1.28167995832935,0.891545858109363,0.43011491975882
5,7,0.0425994710391282,0.580066126403353,1.31265556099429,0.00771118662497302,0.0285754126577409,1.28167995832935,0.881840703423882,0.43011491975882
5,8,0.0688554723549004,0.589471167975801,1.34593108931576,0.0108371363417506,0.0285754126577409,1.28167995832935,0.887200496295068,0.43011491975882
5,9,0.0395345963306774,0.606547041259875,1.38849978195162,0.0139915954753825,0.0285754126577409,1.28167995832935,0.896931781711751,0.43011491975882
5,10,0.0451753001811586,0.491334523949546,1.43849807860146,0.0158197238238542,0.0285754126577409,1.28167995832935,0.831273887039566,0.43011491975882
5,11,0.0534967187384329,0.610812211075925,1.47208179021124,0.00920739962096792,0.0285754126577409,1.28167995832935,0.899362438354612,0.43011491975882
5,12,0.0466974047569593,0.6916976952745,1.50957685865681,0.0115980437942399,0.0285754126577409,1.28167995832935,0.945457869007464,0.43011491975882
5,13,0.0308336950997796,0.646275329653359,1.55458027715832,0.0119352478696442,0.0285754126577409,1.28167995832935,0.919572340530716,0.43011491975882
5,14,0.0406005477613192,0.653017944631184,1.5858387913788,0.00698865619913043,0.0285754126577409,1.28167995832935,0.923414856208389,0.43011491975882
5,15,0.0526183574160003,0.668580027623198,1.61390613307722,0.0113501057711568,0.0285754126577409,1.28167995832935,0.932283455123013,0.43011491975882
5,16,0.0485419955144575,0.682513479851753,1.64344377260421,0.00627503264899002,0.0285754126577409,1.28167995832935,0.94022392166432,0.43011491975882
5,17,0.0528033344019561,0.579216271280725,1.66643920544147,0.00489661146884048,0.0285754126577409,1.28167995832935,0.881356383669129,0.43011491975882
5,18,0.0483356852639599,0.619005093211091,1.69696468599578,0.0092925600543321,0.0285754126577409,1.28167995832935,0.904031439647618,0.43011491975882
5,19,0.0470428529814433,0.712874985419403,1.72272259714086,0.00707312083020265,0.0285754126577409,1.28167995832935,0.957526490700983,0.43011491975882
5,20,0.0394533344627207,0.639045021121837,1.7500629535762,0.01244564172575,0.0285754126577409,1.28167995832935,0.915451895573061,0.43011491975882
5,21,0.0557773695780162,0.559382786852173,1.79002420979129,0.00813438979637523,0.0285754126577409,1.28167995832935,0.870053576804102,0.43011491975882
5,22,0.055219776075215,0.691609081330505,1.81552875730403,0.00547208240325626,0.0285754126577409,1.28167995832935,0.94540736924288,0.43011491975882
5,23,0.0629882291813045,0.623093543238414,1.83359356343437,0.00686391100186735,0.0285754126577409,1.28167995832935,0.906361386319501,0.43011491975882
5,24,0.0808006093230888,0.853872351153511,1.85637621131353,0.00481033709443982,0.0285754126577409,1.28167995832935,1.03787878578616,0.43011491975882
5,25,0.060776910954923,0.762335250665447,1.87949590493453,0.00835736435996073,0.0285754126577409,1.28167995832935,0.985713157929475,0.43011491975882
5,26,0.0654627254942394,0.700985602441949,1.90810182547937,0.00911478296032078,0.0285754126577409,1.28167995832935,0.950750908728859,0.43011491975882
5,27,0.0485788271905861,0.719829963442175,1.93858772446863,0.00834407907424918,0.0285754126577409,1.28167995832935,0.961490028909566,0.43011491975882
5,28,0.0542810415373451,0.673623548920669,1.9642733715,0.00651695981209017,0.0285754126577409,1.28167995832935,0.93515768266232,0.43011491975882
5,29,0.0873759023513965,0.733433938389193,1.98243782235441,0.00331459864927028,0.0285754126577409,1.28167995832935,0.969242731263846,0.43011491975882
5,30,0.0835071882985163,0.881573490422904,1.99774643188838,0.00560746209047204,0.0285754126577409,1.28167995832935,1.05366525176147,0.43011491975882
5,31,0.0449984652033653,0.847339251955875,2.01883550705347,0.00743429660184256,0.0285754126577409,1.28167995832935,1.03415567002569,0.43011491975882
5,32,0.0675271467876096,0.824163627996866,2.03577052044904,0.00296836372076773,0.0285754126577409,1.28167995832935,1.02094822770617,0.43011491975882
5,33,0.0870531030033109,0.904795929489275,2.05453334046473,0.00760457504047581,0.0285754126577409,1.28167995832935,1.0668993733122,0.43011491975882
5,34,0.0739961395899805,0.661538290876425,2.07418666597886,0.00523234050806061,0.0285754126577409,1.28167995832935,0.928270474412041,0.43011491975882
5,35,0.074882983498802,0.873912126536168,2.10061636556513,0.00767815343870456,0.0285754126577409,1.28167995832935,1.04929915478812,0.43011491975882
5,36,0.0641046554168753,0.747587498384546,2.12228722217864,0.0055346392695002,0.0285754126577409,1.28167995832935,0.977308633937497,0.43011491975882
5,37,0.053787296813549,0.809925818593654,2.14913509333785,0.00681341244119935,0.0285754126577409,1.28167995832935,1.01283431255196,0.43011491975882
5,38,0.0627548597987505,0.872959946974179,2.17080561073571,0.00578394250015368,0.0285754126577409,1.28167995832935,1.04875652186203,0.43011491975882
5,39,0.135360820878724,0.900795268371132,2.18486338900627,0.00624678224061456,0.0285754126577409,1.28167995832935,1.06461945622987,0.43011491975882
5,40,0.0518151648541746,0.801204853390468,2.20703013516879,0.00632599720897956,0.0285754126577409,1.28167995832935,1.00786436459737,0.43011491975882
5,41,0.0710098236741801,0.779755059743858,2.22514911524644,0.00386662657704744,0.0285754126577409,1.28167995832935,0.995640447223911,0.43011491975882
5,42,0.0602290412339311,0.815334917189613,2.24661176103801,0.00760681303251489,0.0285754126577409,1.28167995832935,1.01591687713935,0.43011491975882
5,43,0.0586402917623642,0.882726540349005,2.26380844310038,0.00253988056757535,0.0285754126577409,1.28167995832935,1.05432235771113,0.43011491975882
5,44,0.0976008239196414,0.830311445211618,2.27573693511028,0.00397611048859409,0.0285754126577409,1.28167995832935,1.02445177701291,0.43011491975882
5,45,0.0576666651433883,0.828749278171095,2.29518448658481,0.00702141118053044,0.0285754126577409,1.28167995832935,1.02356152132367,0.43011491975882
5,46,0.0632351258871948,0.743078552227319,2.31410025992072,0.00579588131708311,0.0285754126577409,1.28167995832935,0.974739052794882,0.43011491975882
5,47,0.0814102492303766,0.746457604502398,2.33263669000991,0.00574015189141649,0.0285754126577409,1.28167995832935,0.976664724271804,0.43011491975882
5,48,0.0708425060653851,1.03200602145271,2.3560686164249,0.00629289461083309,0.0285754126577409,1.28167995832935,1.13939450677828,0.43011491975882
5,49,0.063520500894449,0.970698725892565,2.38002335909329,0.00532493817627402,0.0285754126577409,1.28167995832935,1.10445639372861,0.43011491975882
5,50,0.103440154925831,0.848713650446722,2.39871821155358,0.00686837323654044,0.0285754126577409,1.28167995832935,1.03493891921993,0.43011491975882
5,51,0.111680375003938,0.971158083479236,2.41620270302575,0.00478319913522265,0.0285754126577409,1.28167995832935,1.10471817476375,0.43011491975882
5,52,0.0586483630717589,0.826783423800416,2.44099766853338,0.00979095030979576,0.0285754126577409,1.28167995832935,1.02244121024789,0.43011491975882
5,53,0.0601326645695724,0.984474671181632,2.47178570690927,0.00682954287661468,0.0285754126577409,1.28167995832935,1.11230709941507,0.43011491975882
5,54,0.102116632196812,1.03916283719378,2.48972669735915,0.00624858294274948,0.0285754126577409,1.28167995832935,1.14347306929114,0.43011491975882
5,55,0.0982284306605011,1.10173411147653,2.52023771500942,0.0110123849315201,0.0285754126577409,1.28167995832935,1.17913150495656,0.43011491975882
5,56,0.082160241360523,0.987175328147939,2.5552159473006,0.00565650169513267,0.0285754126577409,1.28167995832935,1.11384616352702,0.43011491975882
5,57,0.0916311596405694,1.00491529233454,2.5725519284728,0.00562473092019858,0.0285754126577409,1.28167995832935,1.12395590444097,0.43011491975882
5,58,0.0837226257122805,0.809299290726251,2.59053501527482,0.00576716913805337,0.0285754126577409,1.28167995832935,1.01247726366798,0.43011491975882
5,59,0.0738376168132342,0.880489649594618,2.60605293000535,0.0044579402029301,0.0285754126577409,1.28167995832935,1.05304758704407,0.43011491975882
5,60,0.109608678445942,1.04981819273872,2.62985127287113,0.00909042172152538,0.0285754126577409,1.28167995832935,1.14954539744087,0.43011491975882
5,61,0.0999482409660975,1.10015142030324,2.65664721926719,0.0050929967005798,0.0285754126577409,1.28167995832935,1.17822955287027,0.43011491975882
5,62,0.0618485802849151,0.999416841817601,2.67641138235056,0.00547067238452505,0.0285754126577409,1.28167995832935,1.12082241952693,0.43011491975882
5,63,0.124632822485999,1.0161834048946,2.69446735890069,0.00528314517210466,0.0285754126577409,1.28167995832935,1.13037743367143,0.43011491975882
5,64,0.0771752969865917,1.06566041510981,2.71577346711791,0.00681190173606878,0.0285754126577409,1.28167995832935,1.15857364360802,0.43011491975882
5,65,0.12530978455569,1.0067184451574,2.74251093621656,0.00884894747085615,0.0285754126577409,1.28167995832935,1.12498349433212,0.43011491975882
5,66,0.101794929556324,1.37226358526735,2.76700496063014,0.00536176346256024,0.0285754126577409,1.28167995832935,1.33330221583545,0.43011491975882
5,67,0.0773070713447145,1.02849460907672,2.78673372059048,0.00429648500897906,0.0285754126577409,1.28167995832935,1.13739340525462,0.43011491975882
5,68,0.130429529746118,1.09552728980017,2.80567432910324,0.0070909747598831,0.0285754126577409,1.28167995832935,1.17559432988749,0.43011491975882
5,69,0.0884832007846966,1.0792054825571,2.83293381242848,0.00583540884233392,0.0285754126577409,1.28167995832935,1.16629277545709,0.43011491975882
5,70,0.098511937814606,1.21276503230129,2.8608635028781,0.0112491877497433,0.0285754126577409,1.28167995832935,1.24240637018003,0.43011491975882
5,71,0.153851811780525,1.29964110433587,2.89020931744636,0.00834205034419268,0.0285754126577409,1.28167995832935,1.2919157474625,0.43011491975882
5,72,0.0718326735286245,1.17830591045769,2.91862881216422,0.00879602914211921,0.0285754126577409,1.28167995832935,1.22276863076315,0.43011491975882
5,73,0.110887885672072,1.21179492876732,2.95839766791638,0.00842320751807188,0.0285754126577409,1.28167995832935,1.24185352264973,0.43011491975882
5,74,0.0761088447807739,0.979202067493991,2.98311741660936,0.00788742420425689,0.0285754126577409,1.28167995832935,1.10930232123946,0.43011491975882
5,75,0.126182475708975,1.2601567991002,3.01589566284204,0.0111439407234553,0.0285754126577409,1.28167995832935,1.269414231005,0.43011491975882
5,76,0.154096649280017,1.17860609373692,3.05486761047304,0.0109906901497639,0.0285754126577409,1.28167995832935,1.22293970073533,0.43011491975882
5,77,0.142045559923097,1.16033976454764,3.0912212980315,0.00876877980166374,0.0285754126577409,1.28167995832935,1.21252999225958,0.43011491975882
5,78,0.19708553076692,1.32606772344767,3.12220977092049,0.0133374658927675,0.0285754126577409,1.28167995832935,1.30697588341553,0.43011491975882
5,79,0.159174039537875,1.30871946525658,3.16149974155214,0.0125634616155404,0.0285754126577409,1.28167995832935,1.29708936990426,0.43011491975882
5,80,0.0774597752439665,1.1516064040674,3.2004045596565,0.0110047518355235,0.0285754126577409,1.28167995832935,1.20755298042152,0.43011491975882
5,81,0.106190206148738,1.14723529790335,3.2398595075545,0.0144122436942116,0.0285754126577409,1.28167995832935,1.20506195223448,0.43011491975882
5,82,0.169123265827569,1.77898988863101,3.3049947363395,0.0178674593894989,0.0285754126577409,1.28167995832935,1.56508946786405,0.43011491975882
5,83,0.0660634565007977,1.44096039981419,3.34846909903131,0.00966288303295448,0.0285754126577409,1.28167995832935,1.37245150550579,0.43011491975882
5,84,0.107157034654323,1.56739114772498,3.3918405310497,0.0124414312887608,0.0285754126577409,1.28167995832935,1.44450250242388,0.43011491975882
5,85,0.165424515435126,1.60633729903116,3.43739708989161,0.0192222532688026,0.0285754126577409,1.28167995832935,1.46669733298609,0.43011491975882
5,86,0.161606655672223,1.38010654300901,3.50516396199113,0.0191225510628849,0.0285754126577409,1.28167995832935,1.33777180043738,0.43011491975882
5,87,0.109942662870496,1.33682905381807,3.56621327815803,0.0168849336365808,0.0285754126577409,1.28167995832935,1.31310860503717,0.43011491975882
5,88,0.136789991921374,1.44487957180486,3.61680826078214,0.0143578506838752,0.0285754126577409,1.28167995832935,1.37468498315017,0.43011491975882
5,89,0.20036057600516,1.5406283093009,3.66368326929691,0.015819112721652,0.0285754126577409,1.28167995832935,1.42925076010109,0.43011491975882
5,90,0.126645411622106,1.54162614460311,3.71768498077582,0.0177018852115562,0.0285754126577409,1.28167995832935,1.42981941155236,0.43011491975882
5,91,0.169549725812862,1.41965811636609,3.77728026581199,0.011500192965802,0.0285754126577409,1.28167995832935,1.36031165199365,0.43011491975882
5,92,0.221299890404243,1.90245081009707,3.8430466581139,0.022184957150441,0.0285754126577409,1.28167995832935,1.63544800500038,0.43011491975882
5,93,0.399973181025445,2.31756359775862,3.92450037770608,0.0224618626236522,0.0285754126577409,1.28167995832935,1.87201458930602,0.43011491975882
5,94,0.110271672133945,1.72222512750655,3.98735275815495,0.0190413408761182,0.0285754126577409,1.28167995832935,1.53274007741577,0.43011491975882
5,95,0.20160221164788,1.93190912067197,4.06238160869112,0.0322450270165487,0.0285754126577409,1.28167995832935,1.65223585668613,0.43011491975882
5,96,0.205619967774421,2.08320895952186,4.19342445514267,0.0425565491356473,0.0285754126577409,1.28167995832935,1.73845937748957,0.43011491975882
5,97,0.176990582682265,1.96249528279938,4.29772914489457,0.0373500706384169,0.0285754126577409,1.28167995832935,1.66966645414438,0.43011491975882
5,98,0.266760770676477,2.6853086553297,4.42381341352375,0.0410387657541153,0.0285754126577409,1.28167995832935,2.08158701094822,0.43011491975882
5,99,0.329766283308488,2.80650275172935,4.64047236102265,0.0877555571923707,0.0285754126577409,1.28167995832935,2.15065371829969,0.43011491975882
5,100,0.526890861662685,3.91514442830026,5.00405879598355,0.225985268633398,0.0285754126577409,1.28167995832935,2.78245206911102,0.43011491975882
6,1,0.0125750332756491,0.248557674201785,-0.320918912212445,0.237249011133674,0.0115799238985782,1.21410137158496,0.663852424125385,0.43011491975882
6,2,0.0106283647702074,0.366271324625239,0.0476076662497023,0.0616638116403817,0.0115799238985782,1.21410137158496,0.730935677242437,0.43011491975882
6,3,0.0128245269014712,0.402332990334182,0.216300862460678,0.0390091849158543,0.0115799238985782,1.21410137158496,0.751486682498609,0.43011491975882
6,4,0.0126024432625758,0.442436408141521,0.337274273976122,0.0322685408326602,0.0115799238985782,1.21410137158496,0.77434102197369,0.43011491975882
6,5,0.0147239646639166,0.483443878534497,0.439963182096809,0.0286676209479797,0.0115799238985782,1.21410137158496,0.797710567529079,0.43011491975882
6,6,0.0153613620021478,0.497123791475489,0.528856483858274,0.0213925931681287,0.0115799238985782,1.21410137158496,0.805506545813149,0.43011491975882
6,7,0.0192287751041419,0.527282539774302,0.595460192164535,0.0173781278898014,0.0115799238985782,1.21410137158496,0.822693566507391,0.43011491975882
6,8,0.0199953516016485,0.538487985278816,0.656667617435982,0.0168110907355107,0.0115799238985782,1.21410137158496,0.829079382717869,0.43011491975882
6,9,0.017565788778652,0.548899979410086,0.70527594650038,0.0130141231901229,0.0115799238985782,1.21410137158496,0.835013022828839,0.43011491975882
6,10,0.0281094827598206,0.578173837227922,0.751241321169015,0.0138570910708229,0.0115799238985782,1.21410137158496,0.851695757640325,0.43011491975882
6,11,0.0179950936149344,0.626896762797141,0.800139995529261,0.0125539125879723,0.0115799238985782,1.21410137158496,0.879462225987924,0.43011491975882
6,12,0.020539542176043,0.59924934700843,0.843563437277273,0.0125131361369762,0.0115799238985782,1.21410137158496,0.863706376222714,0.43011491975882
6,13,0.019833933269903,0.635697251275738,0.880998420103566,0.00946002257502034,0.0115799238985782,1.21410137158496,0.884477493070711,0.43011491975882
6,14,0.0218814838499015,0.609502610747647,0.915485074395054,0.01045415786809,0.0115799238985782,1.21410137158496,0.869549558251471,0.43011491975882
6,15,0.0175173257607182,0.634379256181666,0.952525296896719,0.010056546323521,0.0115799238985782,1.21410137158496,0.883726387330768,0.43011491975882
6,16,0.0210093318865163,0.658930794417205,0.984584379996959,0.0093116509893676,0.0115799238985782,1.21410137158496,0.897717942668173,0.43011491975882
6,17,0.0217498150612587,0.684288313395852,1.01768009814935,0.00989012822761588,0.0115799238985782,1.21410137158496,0.912168814406037,0.43011491975882
6,18,0.0173333063647962,0.674778447368638,1.04718388140947,0.00838705904914509,0.0115799238985782,1.21410137158496,0.906749283642035,0.43011491975882
6,19,0.0219061260917691,0.702042190447939,1.07630642225277,0.00749505225389495,0.0115799238985782,1.21410137158496,0.922286484054457,0.43011491975882
6,20,0.0228447846462745,0.660236250583705,1.10333053225864,0.00785933324974817,0.0115799238985782,1.21410137158496,0.89846190266037,0.43011491975882
6,21,0.0266742106346951,0.708160031473201,1.13328973116219,0.00840794316004097,0.0115799238985782,1.21410137158496,0.925772950378041,0.43011491975882
6,22,0.0241248317530823,0.718211807603567,1.16023532634093,0.0071260443459247,0.0115799238985782,1.21410137158496,0.931501307624661,0.43011491975882
6,23,0.0263535766819131,0.737854163083832,1.18484512435967,0.00737174086768328,0.0115799238985782,1.21410137158496,0.942695192953658,0.43011491975882
6,24,0.02612581877633,0.733078037430783,1.20893672815365,0.00653238512519965,0.0115799238985782,1.21410137158496,0.939973350202628,0.43011491975882
6,25,0.0270829480932382,0.758898158336623,1.23252950052174,0.00747761421715874,0.0115799238985782,1.21410137158496,0.95468785187689,0.43011491975882
6,26,0.0316029682717736,0.715691000444479,1.25602232761291,0.00652609991403101,0.0115799238985782,1.21410137158496,0.930064737234532,0.43011491975882
6,27,0.0234544210740031,0.745845244138806,1.27697587600612,0.00541748632260459,0.0115799238985782,1.21410137158496,0.947249190821886,0.43011491975882
6,28,0.026347677710853,0.778863773453788,1.29787477102308,0.00624957994447775,0.0115799238985782,1.21410137158496,0.96606595805,0.43011491975882
6,29,0.0230281701651986,0.766336622197548,1.31964416772238,0.00598900864039316,0.0115799238985782,1.21410137158496,0.958926921451144,0.43011491975882
6,30,0.0299646348430071,0.787006853006732,1.34082233086382,0.00695503078281253,0.0115799238985782,1.21410137158496,0.97070657759444,0.43011491975882
6,31,0.0248362342428761,0.804592009917971,1.36498088002816,0.00675234885616598,0.0115799238985782,1.21410137158496,0.980728096151855,0.43011491975882
6,32,0.0312294286555233,0.787064302869522,1.38582223467346,0.00562149160324132,0.0115799238985782,1.21410137158496,0.970739317414106,0.43011491975882
6,33,0.0280726436011878,0.793244251337979,1.40632118607198,0.00619896711330203,0.0115799238985782,1.21410137158496,0.974261177842939,0.43011491975882
6,34,0.0270350647778484,0.839909070111889,1.42645081898645,0.00602023880486655,0.0115799238985782,1.21410137158496,1.00085476183435,0.43011491975882
6,35,0.027679356411458,0.832831715717394,1.44675860344624,0.00541480584725392,0.0115799238985782,1.21410137158496,0.996821483157346,0.43011491975882
6,36,0.0436072755527887,0.76733486280679,1.4660686776222,0.00575023880983088,0.0115799238985782,1.21410137158496,0.959495803880842,0.43011491975882
6,37,0.0277602598816538,0.833110184546039,1.48740083422036,0.00590723649743926,0.0115799238985782,1.21410137158496,0.996980178388103,0.43011491975882
6,38,0.0296534496882034,0.865736952169005,1.50651091537671,0.00552982454639627,0.0115799238985782,1.21410137158496,1.01557368647293,0.43011491975882
6,39,0.0356258420456576,0.819607282937324,1.52525084473083,0.00606462253481389,0.0115799238985782,1.21410137158496,0.989285076221332,0.43011491975882
6,40,0.028920829673647,0.848458935490923,1.54671342212065,0.00577391343871207,0.0115799238985782,1.21410137158496,1.00572720255193,0.43011491975882
6,41,0.0297075051703323,0.898002761189863,1.56653805237116,0.00509948395367914,0.0115799238985782,1.21410137158496,1.03396148963583,0.43011491975882
6,42,0.0252123318256441,0.84214357774558,1.58764748152161,0.00617716667203147,0.0115799238985782,1.21410137158496,1.00212817439647,0.43011491975882
6,43,0.0298864774522503,0.864729524999736,1.60823166769659,0.00669545986689516,0.0115799238985782,1.21410137158496,1.01499956875973,0.43011491975882
6,44,0.0326763211267122,0.903283287178933,1.62785166141737,0.00473877111080561,0.0115799238985782,1.21410137158496,1.03697078261282,0.43011491975882
6,45,0.0253082422281512,0.943863822792966,1.64452595874203,0.00525056573654755,0.0115799238985782,1.21410137158496,1.06009702440746,0.43011491975882
6,46,0.035355375418225,0.915975550647349,1.66198168096534,0.00545024797779983,0.0115799238985782,1.21410137158496,1.04420391419796,0.43011491975882
6,47,0.0312374809816078,0.932911102256813,1.68119065549913,0.00535083125981705,0.0115799238985782,1.21410137158496,1.05385523238585,0.43011491975882
6,48,0.0325199474648864,0.871066109491688,1.70001728636165,0.00588457517026647,0.0115799238985782,1.21410137158496,1.01861069372138,0.43011491975882
6,49,0.0369192289241333,0.973973774702942,1.72039010667209,0.00611602736631617,0.0115799238985782,1.21410137158496,1.07725623676773,0.43011491975882
6,50,0.0350787751857511,0.915086313439719,1.74056348919683,0.00649375581136805,0.0115799238985782,1.21410137158496,1.04369715118054,0.43011491975882
6,51,0.0372981634084848,0.958499675356486,1.76047870355302,0.00487323445611851,0.0115799238985782,1.21410137158496,1.06843777842002,0.43011491975882
6,52,0.0279182158190491,0.989123577531408,1.77925457861144,0.00582849264628587,0.0115799238985782,1.21410137158496,1.08588988336827,0.43011491975882
6,53,0.033426106079151,0.950943374299798,1.79909658156422,0.00504373695077607,0.0115799238985782,1.21410137158496,1.064131555186,0.43011491975882
6,54,0.0376504449150689,0.945368391512107,1.81877702773747,0.00587817959951915,0.0115799238985782,1.21410137158496,1.06095445567269,0.43011491975882
6,55,0.0286356327943414,0.98129755868522,1.83880796475269,0.00593397078847759,0.0115799238985782,1.21410137158496,1.08142995199014,0.43011491975882
6,56,0.0460706346724816,0.980476786948388,1.85934919554243,0.00618117392932479,0.0115799238985782,1.21410137158496,1.08096220642304,0.43011491975882
6,57,0.0450514492705011,1.00553957714459,1.88032315819045,0.0063370535518999,0.0115799238985782,1.21410137158496,1.09524511662506,0.43011491975882
6,58,0.029278676571742,0.952951120254122,1.90129867913072,0.00683805722058335,0.0115799238985782,1.21410137158496,1.06527573965028,0.43011491975882
6,59,0.040044532435558,0.991070747471572,1.92368395136684,0.00591674278664294,0.0115799238985782,1.21410137158496,1.08699954646586,0.43011491975882
6,60,0.0377424426828965,1.03695813916209,1.94547121873564,0.00638125577750805,0.0115799238985782,1.21410137158496,1.11315008636147,0.43011491975882
6,61,0.0389396666503201,1.08788772723398,1.9661552567219,0.00541034749045139,0.0115799238985782,1.21410137158496,1.14217409874647,0.43011491975882
6,62,0.0359484693218079,1.0641103987557,1.98522464470672,0.00557373396720415,0.0115799238985782,1.21410137158496,1.12862375399871,0.43011491975882
6,63,0.0385085620369438,1.07514494143091,2.0054691152248,0.00674689428431038,0.0115799238985782,1.21410137158496,1.13491217523659,0.43011491975882
6,64,0.037299116980985,0.997814225721635,2.02918116255118,0.0060077839960944,0.0115799238985782,1.21410137158496,1.0908425541095,0.43011491975882
6,65,0.0379910424512063,1.09659601221633,2.04823915449679,0.00591199960534147,0.0115799238985782,1.21410137158496,1.1471368204324,0.43011491975882
6,66,0.0339091843682358,1.1168383599602,2.07084356810257,0.00765714722768959,0.0115799238985782,1.21410137158496,1.15867263240069,0.43011491975882
6,67,0.0414721751630316,0.996753754374126,2.09442285165131,0.00628048832037854,0.0115799238985782,1.21410137158496,1.09023820731054,0.43011491975882
6,68,0.03014432359368,1.07359346663963,2.11614329286227,0.00670496582759109,0.0115799238985782,1.21410137158496,1.13402801290067,0.43011491975882
6,69,0.0385349877514501,1.10571420153542,2.13877721667705,0.00675925159595626,0.0115799238985782,1.21410137158496,1.15233314048416,0.43011491975882
6,70,0.0381886560637294,1.16958342654538,2.16209319505715,0.00732983453279391,0.0115799238985782,1.21410137158496,1.18873125890391,0.43011491975882
6,71,0.032314271786334,1.14745418864689,2.18746427971082,0.00738322020611295,0.0115799238985782,1.21410137158496,1.17612013638845,0.43011491975882
6,72,0.0435251035075862,1.12150698687526,2.21305128315845,0.0069404729732333,0.0115799238985782,1.21410137158496,1.16133321322479,0.43011491975882
6,73,0.040885808530618,1.19273731875664,2.23931312516921,0.00732818013436715,0.0115799238985782,1.21410137158496,1.20192631662462,0.43011491975882
6,74,0.0426006447783478,1.09336088022847,2.26586699192063,0.00716466199968034,0.0115799238985782,1.21410137158496,1.14529316697991,0.43011491975882
6,75,0.0414902125953881,1.09889690725993,2.28964153665792,0.00761080413081187,0.0115799238985782,1.21410137158496,1.14844806618895,0.43011491975882
6,76,0.0365982728822577,1.10259505088877,2.31587336946941,0.00728962266357885,0.0115799238985782,1.21410137158496,1.15055558306761,0.43011491975882
6,77,0.0439783828199772,1.17509184720867,2.34480004991817,0.00825102840780436,0.0115799238985782,1.21410137158496,1.19187042565561,0.43011491975882
6,78,0.0499012808618443,1.19040976155924,2.372298479893,0.00772513145989467,0.0115799238985782,1.21410137158496,1.20059987650441,0.43011491975882
6,79,0.0442577802898114,1.26328907285508,2.40248991511501,0.00915042587258702,0.0115799238985782,1.21410137158496,1.24213270867016,0.43011491975882
6,80,0.0467335782574284,1.24634309945994,2.43307622578142,0.0083368497893778,0.0115799238985782,1.21410137158496,1.23247545126211,0.43011491975882
6,81,0.0461031218003333,1.21664849650095,2.4630542371989,0.00863776383269276,0.0115799238985782,1.21410137158496,1.21555294007209,0.43011491975882
6,82,0.0449998599500187,1.29789232199728,2.49770301861878,0.0103508318402709,0.0115799238985782,1.21410137158496,1.26185258408417,0.43011491975882
6,83,0.0552045141047362,1.22584892618248,2.53678396409199,0.0128460892804143,0.0115799238985782,1.21410137158496,1.2207961276794,0.43011491975882
6,84,0.0552289297134763,1.30942254379481,2.57375849613428,0.0103250437336903,0.0115799238985782,1.21410137158496,1.26842348545846,0.43011491975882
6,85,0.0569003085762666,1.27062429186854,2.61409916160367,0.0128997321923197,0.0115799238985782,1.21410137158496,1.24631294054623,0.43011491975882
6,86,0.0401855826624579,1.29817553200456,2.65239159867999,0.0101785992402158,0.0115799238985782,1.21410137158496,1.26201398124189,0.43011491975882
6,87,0.0513509126969771,1.31132454591934,2.69398632563928,0.0132436952267857,0.0115799238985782,1.21410137158496,1.26950740809181,0.43011491975882
6,88,0.0546800870660724,1.35442351437113,2.73957575377462,0.0133899398168521,0.0115799238985782,1.21410137158496,1.29406886718627,0.43011491975882
6,89,0.0523244315137877,1.43660648787729,2.78774023700237,0.0144651069927245,0.0115799238985782,1.21410137158496,1.34090371763729,0.43011491975882
6,90,0.0534265747566937,1.34127918880886,2.8383074966928,0.0158277108457301,0.0115799238985782,1.21410137158496,1.2865781121585,0.43011491975882
6,91,0.0663532321025361,1.55506203566289,2.8909479913728,0.0160692214192382,0.0115799238985782,1.21410137158496,1.4084097669921,0.43011491975882
6,92,0.0609521689272026,1.50260912464572,2.95432821357412,0.0177191818821292,0.0115799238985782,1.21410137158496,1.37851763558819,0.43011491975882
6,93,0.0589733431487025,1.55086217279093,3.01782623544492,0.0197859605689715,0.0115799238985782,1.21410137158496,1.40601632780231,0.43011491975882
6,94,0.0526046527471285,1.53388075091415,3.08418631796884,0.0213538996501008,0.0115799238985782,1.21410137158496,1.39633886883345,0.43011491975882
6,95,0.0723994161598539,1.67584334073006,3.16601957069545,0.0236533909180862,0.0115799238985782,1.21410137158496,1.47724123072194,0.43011491975882
6,96,0.0794383187718523,1.71577340168746,3.26010011381933,0.0314475397018605,0.0115799238985782,1.21410137158496,1.49999677671468,0.43011491975882
6,97,0.0726426411203925,1.75385880917069,3.36876648457931,0.0327239429523793,0.0115799238985782,1.21410137158496,1.52170108221428,0.43011491975882
6,98,0.0784808138588865,1.95111858218659,3.51241988779769,0.0532366930602787,0.0115799238985782,1.21410137158496,1.6341164837878,0.43011491975882
6,99,0.115438953189178,2.38133082972329,3.75510224305813,0.087523952867235,0.0115799238985782,1.21410137158496,1.87928802499599,0.43011491975882
6,100,0.258370806439037,3.60253866268376,4.34910258998014,0.403369132710197,0.0115799238985782,1.21410137158496,2.57523614887383,0.43011491975882
